Date,MSCUENR,MSCUMAT,MSCUIND,MSCUCDIS,MSCUCSTA,MSCUHC,MSCUFNCL,MSCUIT,MSCUTEL,MSCUUTI,MSFUCDIS,MSFUCSTA,MSFUENR,MSFUFNCL,MSFUHC,MSFUIND,MSFUIT,MSFUMAT,MSFUTEL,MSFUUTI
31/10/2013,278.675,253.81,189.807,180.983,197.181,167.321,106.928,120.947,80.848,117.446,693.901,529.893,656.523,348.974,726.711,202.128,301.084,426.414,238.221,276.444
30/09/2013,267.699,247.256,183.438,174.769,189.13,161.158,102.457,116.359,76.618,113.671,663.901,520.247,622.586,329.413,690.305,196.145,282.958,409.96,233.916,262.45
30/08/2013,259.893,234.433,171.32,163.797,182.994,155.619,97.069,111.563,72.536,108.832,622.011,486.068,583.042,306.929,652.805,182.621,271.036,388.5,224.648,248.716
31/07/2013,262.823,231.756,175.057,167.913,190.672,160.196,100.685,111.706,73.856,114.005,628.422,519.933,585.399,319.956,698.801,187.443,262.541,382.166,232.444,260.579
28/06/2013,250.015,222.763,166.011,159.11,184.376,151.772,95.799,107.6,71.848,110.116,611.567,524.101,566.6,320.677,677.076,184.184,263.104,378.352,230.33,260.653
31/05/2013,261.05,242.396,171.207,160.347,187.906,153.671,99.986,111.926,71.608,112.373,637.396,546.179,619.499,352.727,692.062,198.044,282.063,415.119,230.252,278.846
30/04/2013,261.938,245.859,168.45,156.895,194.836,154.254,101.398,109.07,75.646,120.374,634.067,565.395,649.774,365.277,708.723,199.525,278.547,446.123,239.298,300.383
29/03/2013,261.822,250.339,167.78,151.769,189.615,148.429,96.897,107.521,71.461,113.317,634.397,548.67,658.413,361.712,683.733,203.81,274.157,461.416,232.678,295.681
28/02/2013,260.52,259.53,166.089,147.78,183.053,141.167,96.489,105.823,69.382,109.671,649.377,546.884,668.57,366.851,669.117,209.783,279.443,486.582,237.547,296.004
31/01/2013,267.608,268.357,163.673,147.086,179.623,140.252,96.843,105.232,70.92,110.434,639.735,549.762,709.305,371.653,662.12,208.815,270.551,510.17,246.245,298.684
31/12/2012,253.874,264.12,156.637,140.148,171.053,131.162,91.492,103.394,68.801,107.958,651.247,540.121,700.361,356.334,667.374,206.808,271.853,513.83,246.26,290.928
30/11/2012,250.574,251.462,151.578,136.794,172.715,130.663,87.498,102.713,68.568,106.47,629.553,524.579,665.504,336.021,636.543,195.313,266.65,475.282,238.339,281.882
31/10/2012,255.4,251.302,148.599,132.195,168.699,129.895,86.398,100.398,68.861,109.776,620.544,512.773,680.899,328.428,652.157,195.297,250.967,480.074,240.581,287.051
28/09/2012,259.78,251.963,148.404,132.523,169.572,130.487,84.679,105.957,71.826,109.238,627.482,503.939,695.547,324.722,637.184,197.021,258.035,488.52,245.299,289.289
31/08/2012,253.114,236.874,145.243,129.796,167.466,125.916,81.33,103.691,70.245,107.382,597.834,482.417,652.899,308.811,608.312,186.87,237.451,447.402,238.624,288.425
31/07/2012,246.813,235.245,143.565,125.483,166.359,124.741,79.234,99.994,70.213,107.957,588.381,478.351,643.633,312.334,592.325,190.369,236.049,463.289,243.114,293.205
29/06/2012,239.363,236.621,142.466,125.231,161.802,122.127,78.382,99.6,68.083,109.558,570.927,472.815,630.436,304.204,575.265,189.091,236.291,468.895,231.185,292.655
31/05/2012,227.887,227.572,137.526,122.375,154.749,115.039,73.32,96.996,63.588,103.536,563.632,446.787,617.221,293.205,544.452,184.53,233.535,451.442,216.924,275.247
30/04/2012,262.394,261.81,151.005,134.234,163.028,121.606,83.091,106.557,67.809,110.32,648.309,495.28,744.282,326.857,577.39,204.787,259.45,514.022,245.559,309.674
30/03/2012,265.599,267.464,154.078,134.737,162.911,121.405,85.43,108.819,67.756,111.978,635.725,493.653,770.623,332.124,582.052,212.151,260.369,536.2,241.861,319.141
29/02/2012,279.4,280.08,154.643,131.337,158.801,118.25,84.762,104.552,67.815,112.036,644.68,482.733,833.349,350.452,580.376,220.444,257.942,578.54,241.848,329.191
31/01/2012,264.928,272.387,148.346,123.966,151.968,116.412,79.97,97.556,65.692,109.054,617.726,458.895,790.615,330.486,560.838,202.804,238.095,554.529,231.04,307.668
30/12/2011,254.092,243.516,137.86,115.319,152.8,113.746,73.162,90.773,66.536,109.492,568.241,439.247,683.36,292.05,507.295,180.056,215.214,482.277,224.686,284.214
30/11/2011,257.596,254.788,137.606,116.152,150.799,110.304,73.065,91.762,66.769,110.04,581.185,438.424,718.509,291.116,515.003,182.163,210.093,501.78,229.012,284.994
31/10/2011,259.869,267.004,141.259,120.59,150.631,111.266,79.163,94.519,68.496,111.982,627.948,445.247,748.27,322.859,552.65,202.476,224.487,551.371,232.909,296.697
30/09/2011,222.221,232.991,126.042,108.573,142.181,105.886,70.651,85.097,64.892,107.918,557.266,401.919,643.363,281.449,525.475,177.101,201.039,480.76,220.836,262.29
31/08/2011,255.952,285.059,142.222,118.971,150.586,111.628,80.674,89.038,69.104,112.276,644.45,455.532,773.888,338.714,583.719,214.087,213.48,602.823,246.396,305.807
29/07/2011,285.07,311.876,156.518,129.474,153.376,116.672,89.771,95.791,72.062,116.761,695.239,466.787,874.777,377.406,637.194,243.865,240.506,668.583,249.813,340.214
30/06/2011,284.488,316.343,163.599,131.196,153.866,118.652,93.001,95.567,73.016,120.286,693.073,463.538,873.064,382.383,640.408,251.633,244.74,670.042,248.137,348.923
31/05/2011,292.155,320.44,165.217,130.93,157.117,120.75,95.225,98.552,74.054,120.283,696.45,455.78,896.567,388.244,644.241,254.053,261.119,684.896,247.842,348.401
29/04/2011,308.031,335.886,171.309,132.239,155.006,118.297,99.182,100.639,75.534,124.675,696.569,462.201,945.409,400.554,642.173,264.467,264.554,719.263,253.192,353.621
31/03/2011,302.564,322.527,165.497,125.605,146.015,110.551,96.362,97.533,73.579,120.003,643.02,436.824,954.554,393.729,627.137,250.8,254.532,698.318,246.595,347.021
28/02/2011,298.115,319.476,163.252,127.737,144.788,110.023,98.268,100.112,71.795,123.476,592.789,412.387,896.519,367.543,589.566,235.258,250.881,666.025,236.642,323.772
31/01/2011,280.991,309.34,161.169,123.545,141.429,107.12,95.469,99.481,70.465,121.603,596.581,411.944,847.819,370.724,604.098,252.824,267.617,670.978,237.948,329.626
31/12/2010,267.576,316.403,156.672,123.63,145.195,106.678,93.234,96.057,70.021,119.042,633.953,445.686,854.996,392.4,660.54,259.43,259.621,681.204,244.098,340.101
30/11/2010,243.01,285.271,145.098,118.094,138.367,101.644,86.132,90.05,66.68,114.053,607.749,424.984,772.309,374.513,636.256,244.972,234.434,620.949,234.465,327.673
29/10/2010,242.263,287.005,146.084,117.377,142.444,105.458,90.983,90.982,70.61,121.71,626.335,437.304,795.663,393.26,650.061,251.391,230.211,631.947,242.99,341.304
30/09/2010,232.262,272.64,141.614,112.157,138.926,103.488,88.818,86.566,68.264,117.838,598.003,427.021,775.803,378.382,630.415,242.155,228.516,615.264,238.712,339.385
31/08/2010,211.142,245.218,126.666,99.94,129.666,95.63,82.27,77.568,63.856,114.125,517.067,384.626,708.857,342.101,553.805,213.315,205.346,549.593,222.502,319.609
30/07/2010,220.51,250.01,133.656,103.247,130.737,95.559,87.535,83.478,63.613,114.323,524.974,381.32,730.137,352.954,548.121,212.475,216.867,554.351,225.269,322.545
30/06/2010,202.768,228.664,122.557,95.461,123.519,94.796,78.711,78.171,58.194,106.624,479.432,356.146,690.512,318.665,536.321,193.796,204.467,508.74,213.243,310.897
31/05/2010,215.968,237.618,127.06,100.525,123.581,94.625,81.497,82.696,57.769,107.405,478.53,343.51,707.91,318.734,533.446,190.553,211.481,528.443,212.582,307.119
30/04/2010,246.021,267.304,141.48,109.697,132.308,102.94,92.061,91.478,62.552,117.462,516.443,362.999,789.407,349.364,559.097,214.513,237.82,595.25,225.642,333.696
31/03/2010,241.608,271.438,139.036,106.254,134.482,106.989,92.81,89.781,63.711,118.883,494.085,358.947,789.467,350.015,589.075,212.27,227.849,594.636,223.53,328.424
26/02/2010,230.958,248.711,128.817,98.466,129.904,104.861,86.072,83.515,61.366,115.754,456.518,341.678,739.739,318.756,544.735,198.609,208.461,542.206,215.771,311.822
29/01/2010,231.277,242.363,126.163,96.844,127.711,104.921,85.112,81.777,61.794,117.672,447.084,332.827,743.193,320.137,524.155,196.338,215.018,525.491,215.226,319.892
31/12/2009,245.149,264.299,128.66,100.158,130.141,105.749,89.528,87.184,65.634,123.406,489.396,349.262,795.686,342.825,525.685,204.156,227.989,564.691,220.027,324.312
30/11/2009,242.455,257.085,126.036,96.23,128.684,103.58,90.179,82.063,65.072,120.184,457.534,331.752,787.748,335.936,501.448,193.615,206.952,547.251,218.427,310.043
30/10/2009,236.772,234.295,120.407,93.132,124.596,97.175,88.566,79.153,62.66,115.538,439.838,313.494,757.701,325.896,465.408,191.273,198.739,506.286,212.308,299.411
30/09/2009,232.154,236.887,124.652,94.519,122.102,98.569,91.936,80.654,64.065,121.01,435.166,303.085,739.775,322.474,464.012,194.289,208.722,498.288,217.632,306.654
31/08/2009,218.715,223.266,118.519,90.793,117.556,96.478,88.266,76.894,61.732,117.884,401.854,279.23,668.976,290.809,461.589,184.967,188.09,449.532,212.518,290.92
31/07/2009,216.493,219.864,113.879,88.769,115.911,94.231,81.783,75.037,61.167,114.06,395.422,280.963,676.882,295.745,473.814,188.697,186.046,442.519,214.027,298.686
30/06/2009,207.255,196.077,104.517,80.187,107.914,88.243,73.394,68.51,57.208,109.683,341.023,253.407,639.648,265.132,435.947,169.749,158.91,395.304,199.71,276.072
29/05/2009,219.601,205.268,106.257,80.05,106.764,86.373,73.901,67.149,56.598,109.114,336.034,244.53,689.349,258.29,416.806,177.837,164.681,416.102,197.372,270.13
30/04/2009,190.347,176.503,98.685,77.846,98.522,80.484,64.714,64.274,53.542,102.044,290.257,221.559,551.261,217.829,387.038,153.689,149.44,342.161,180.597,237.922
31/03/2009,176.251,154.758,84.456,65.52,94.78,80.678,53.123,56.867,51.798,97.244,233.081,197.124,474.902,181.842,378.144,126.396,128.927,292.777,164.638,211.857
27/02/2009,166.347,137.47,78.185,60.183,92.124,76.6,46.636,50.804,49.945,97.289,196.765,182.585,414.72,155.64,377.132,107.786,107.097,255.924,151.982,196.548
30/01/2009,181.991,147.027,90.654,64.812,99.589,87.017,55.605,53.651,52.471,109.923,211.349,198.252,425.257,171.242,353.253,122.126,107.178,272.527,162.165,207.339
31/12/2008,188.767,158.461,101.944,70.867,107.418,90.39,67.171,55.737,58.878,117.017,229.797,209.559,437.014,194.074,375.23,130.598,111.377,277.572,180.722,214.535
28/11/2008,193.839,149.024,96.657,66.868,105.079,84.284,65.608,54.091,55.836,112.28,207.753,195.992,418.008,178.296,358.019,113.359,106.024,251.943,170.714,207.462
31/10/2008,199.796,160.632,101.605,75.603,108.19,90.531,74.614,60.501,54.354,112.705,245.577,198.15,469.154,185.043,358.056,123.968,128.218,276.62,175.476,205.227
30/09/2008,249.863,222.778,131.464,92.46,124.6,101.861,101.328,74.331,64.13,131.196,329.815,252.331,718.437,263.692,416.176,181.077,153.996,412.051,219.891,265.119
29/08/2008,297.993,295.015,156.187,104.347,130.214,109.971,112.223,87.302,72.953,149.932,393.195,293.325,894.711,316.707,455.012,215.793,184,549.998,252.223,319.902
31/07/2008,307.338,321.269,160.385,102.438,129.329,109.61,117.308,86.988,75.277,155.229,412.246,307.447,993.118,341.27,443.187,249.135,188.665,629.965,273.192,340.938
30/06/2008,355.709,354.897,162.585,103.524,128.636,105.181,114.27,88.894,77.739,161.038,403.527,307.267,1141.617,326.723,442.567,246.006,204.492,707.629,272.685,333.337
30/05/2008,358.347,368.653,182.559,116.923,139.812,108.386,133.773,98.435,85.476,167.335,468.032,333.259,1208.025,376.981,442.843,290.435,235.801,772.188,303.125,355.07
30/04/2008,339.133,351.143,178.845,116.376,139.103,106.847,140.554,94.181,84.67,162.873,473.388,328.643,1094.014,391.232,454.594,298.494,238.524,731.958,307.604,342.011
31/03/2008,302.715,327.133,174.35,113.574,138.8,106.008,131.35,87.866,81.299,157.884,439.393,313.264,985.072,350.981,437.028,290.923,220.819,680.385,295.597,330.163
29/02/2008,315.036,340.968,175.152,115.379,135.841,109.716,133.646,88.536,83.359,158.995,451.809,324.166,1065.828,379.648,459.453,317.034,220.101,718.213,303.479,353.906
31/01/2008,292.968,314.47,172.15,117.042,134.434,111.687,139.852,89.815,86.78,159.95,436.798,309.231,984.396,363.648,427.493,286.668,205.946,625.929,297.197,334.24
31/12/2007,333.669,337.082,189.108,125.359,144.254,117.113,150.833,101.807,94.774,173.059,490.932,330.202,1154.148,424,458.838,351.088,231.514,699.23,327.958,379.19
30/11/2007,316.416,339.101,192.452,129.539,145.431,121.085,157.112,101.605,94.663,173.436,487.975,321.936,1095.915,428.836,432.08,358.136,235.087,717.539,326.393,371.468
31/10/2007,332.019,357.659,203.079,137.999,143.588,119.121,169.463,109.418,98.176,171.543,527.393,341.301,1126.721,472.963,437.204,403.818,260.711,783.448,338.047,387.585
28/09/2007,313.398,343.219,196.864,134.202,138.902,118.629,164.373,104.03,92.307,161.816,498.099,317.547,958.662,419.682,435.307,352.977,248.641,722.872,299.854,363.428
31/08/2007,287.31,306.932,187.552,131.341,133.265,114.982,157.935,99.923,86.219,154.177,462.403,295.508,828.186,381.976,418.203,317.516,238.135,615.601,274.819,335.479
31/07/2007,292.809,312.394,190.734,133.584,130.418,113.591,160.881,98.229,84.117,151.059,488.943,301.182,855.779,399.27,426.629,322.016,250.005,616.502,263.88,345.265
29/06/2007,292.855,306.826,188.345,137.932,132.802,117.208,166.988,98.185,86.004,156.57,479.668,301.113,807.137,372.353,420.808,294.367,243.441,575.948,259.928,342.831
31/05/2007,280.92,298.169,186.945,139.274,134.678,120.701,171.999,96.298,86.475,161.477,470.943,304.034,740.064,358.121,411.771,285.656,228.325,559.864,250.073,326.032
30/04/2007,266.666,280.632,179.362,136.189,133.767,120.695,170.119,93.519,81.942,158.613,450.221,287.573,719.372,347.652,401.689,253.301,225.419,525.745,238.37,309.369
30/03/2007,255.156,271.808,169.953,132.854,128.777,114.453,163.066,89.323,79.296,152.738,441.209,269.313,723.429,330.592,382.219,229.057,220.017,496.657,226.563,287.978
28/02/2007,241.539,260.864,166.624,131.62,124.676,114.541,162.529,88.894,77.89,147.181,428.312,256.161,686.136,319.998,368.916,219.988,223.564,467.692,215.597,276.609
31/01/2007,246.533,253.425,165.668,132.363,125.031,115.958,164.795,90.772,78.272,144.649,428.428,265.745,710.901,322.869,372.955,212.129,224.455,454.659,219.616,284.341
29/12/2006,254.395,248.347,161.822,129.95,123.564,113.773,163.383,90.299,76.594,144.708,422.595,266.177,760.04,328.815,356.304,210.724,231.814,441.499,218.011,282.13
30/11/2006,257.306,241.186,157.793,126.089,120.349,113.041,157.848,90.418,73.558,140.653,405.743,250.593,736.556,302.891,354.51,202.795,232.654,426.091,207.012,262.796
31/10/2006,242.798,231.597,152.984,123.521,118.613,113.112,155.342,87.206,71.784,134.137,389.573,236.327,677.615,282.068,349.402,192.245,214.918,391.222,194.552,241.763
29/09/2006,232.224,216.728,147.632,117.204,116.398,112.209,150.513,84.628,67.414,129.009,370.251,226.05,654.517,265.96,350.531,181.526,216.388,362.192,180.656,232.192
31/08/2006,243.313,220.853,144.649,113.538,116.746,112.177,147.497,82,64.698,128.099,360.612,222.956,698.128,258.758,356.488,176.327,210.357,364.358,172.743,228.652
31/07/2006,250.609,217.039,141.895,110.309,112.831,109.675,143.975,76.681,63.48,123.913,346.185,216.435,695.338,257.482,337.875,169.318,197.132,368.955,167.141,222.749
30/06/2006,242.692,218.435,146.685,112.383,109.618,105.711,141.758,79.402,62.009,119.831,352.521,211.384,680.588,250.335,328.011,166.819,202.579,374.744,158.414,217.818
31/05/2006,240.181,219.731,147.669,113.612,108.176,105.273,142.118,80.717,62.027,118.871,361.447,210.869,666.705,254.49,360.546,167.92,208.826,364.582,158.856,213.64
28/04/2006,251.721,230.292,154.627,118.856,109.691,107.316,149.53,86.946,64.235,119.683,415.19,234.822,757.492,286.386,411.238,189.475,226.977,404.635,178.76,243.214
31/03/2006,235.676,217.198,149.513,115.436,107.163,107.506,144.113,86.592,62.402,115.732,398.434,225.071,680.564,269.085,405.537,174.986,212.891,378.012,169.649,229.584
28/02/2006,226.734,208.211,144.11,113.284,106.888,106.697,142.879,84.61,60.453,118.649,395.58,222.881,665.555,271.178,405.251,171.292,215.223,361.854,170.654,231.978
31/01/2006,245.681,212.865,142.443,113.08,105.395,106.938,139.758,86.399,60.21,115.738,400.899,216.023,669.17,266.504,405.384,166.398,224.805,370.066,169.716,220.412
30/12/2005,215.264,194.146,137.49,109.249,103.988,104.716,134.053,82.941,59.222,109.413,381.101,197.001,548.633,240.595,393.283,156.119,209.087,319.742,158.922,197.018
30/11/2005,212.302,183.562,133.006,106.734,102.462,101.899,130.208,82.319,59.302,106.795,350.012,190.066,524.212,226.527,374.828,146.628,190.38,307.542,155.181,193.463
31/10/2005,208.501,174.175,126.542,102.658,101.972,101.115,124.665,76.603,60.131,106.196,317.478,176.5,497.035,206.244,338.634,136.492,171.712,289.074,145.702,182.1
30/09/2005,230.54,181.035,129.487,105.73,103.252,102.992,124.821,78.683,61.942,111.845,336.548,186.392,558.085,219.002,330.9,146.73,183.689,309.642,154.278,194.855
31/08/2005,217.044,168.307,125.303,105.318,101.258,102.147,120.689,77.272,61.596,107.962,309.115,171.797,493.503,203.934,312.9,136.461,174.79,271.956,141.076,175.902
29/07/2005,203.988,166.262,125.009,106.682,100.881,102.05,120.866,77.57,61.855,106.307,317.304,171.163,448.266,202.841,310.424,137.019,184.151,265.365,141.826,173.111
30/06/2005,193.941,157.824,120.784,101.824,98.208,99.51,117.739,74.206,59.373,104.895,289.019,161.889,414.764,188.155,301.843,129.223,173.577,253.2,133.893,164.293
31/05/2005,180.91,155.902,122.01,101.251,99.534,100.588,115.935,75.055,59.021,101.581,284.884,154.06,380.926,181.97,307.577,126.95,172.138,245.991,131.182,157.619
29/04/2005,179.193,156.719,120.335,98.264,98.374,99.769,115.18,70.333,59.38,101.908,276.741,151.024,368.594,180.695,289.028,126.634,159.502,244.18,125.542,154.914
31/03/2005,186.942,167.66,124.524,104.011,99.757,95.877,117.29,73.244,61.036,100.072,283.221,149.96,376.003,187.099,293.485,129.65,166.999,264.217,127.478,147.236
28/02/2005,193.371,176.368,125.557,106.121,100.781,96.492,121.581,75.46,62.716,101.054,308.391,154.917,404.685,204.054,293.562,137.294,176.973,285.556,137.832,159.257
31/01/2005,169.521,161.906,123.329,104.948,98.912,93.465,119.241,74.441,61.732,98.943,295.098,146.18,347.344,188.29,278.37,129.508,165.079,256.224,129.943,147.784
31/12/2004,167.437,164.624,124.257,108.154,98.986,96.95,122.267,78.145,64.639,98.789,292.277,147.012,348.983,187.871,290.816,128.007,161.466,258.984,131.576,149.793
30/11/2004,169.532,161.589,120.543,102.708,95.274,91.923,116.361,75.817,62.275,94.654,276.767,142.166,345.389,176.624,270.045,121.475,152.921,250.435,124.5,146.966
29/10/2004,160.031,147.895,113.146,98.063,90.341,90.291,110.493,72.176,58.176,91.267,251.589,130.792,333.297,157.687,251.555,110.895,142.004,226.886,111.496,136.919
30/09/2004,157.155,147.754,111.16,95.152,88.827,91.316,107.578,68.95,55.692,86.793,241.931,126.419,324.448,149.465,251.37,106.838,141.587,234.35,106.864,132.382
31/08/2004,146.01,140.033,108.713,93.139,90.215,91.987,106.416,67.207,54.338,85.436,227.811,120.214,294.199,139.778,253.879,101.845,141.701,219.632,101.848,121.41
30/07/2004,147.688,136.766,108.457,93.578,89.999,90.645,103.864,69.913,53.91,83.27,215.194,118.04,283.4,135.866,262.827,98.352,132.858,206.631,100.715,118.931
30/06/2004,143.552,138.055,111.404,97.697,94.427,94.268,106.955,76.719,54.389,82.688,218.697,117.142,277.828,138.784,291.586,99.221,149.516,199.198,104.077,114.283
31/05/2004,139.229,133.726,106.358,95.923,93.113,94.772,106.06,74.841,53.519,81.348,218.99,114.228,276.563,137.394,285.706,96.573,156.359,199.302,100.886,113.861
30/04/2004,138.331,131.672,105.245,95.775,93.478,94.609,105.566,72.946,55.214,80.659,230.867,117.296,288.988,139.786,290.628,97.855,166.048,194.246,100.883,118.366
31/03/2004,137.968,141.264,107.73,97.734,93.548,91.806,110.24,77.559,56.391,83.796,250.884,124.403,324.376,150.994,286.619,107.151,174.524,229.149,108.909,127.685
27/02/2004,137.229,141.34,107.5,97.581,94.717,94.711,110.801,78.862,57.67,83.175,244.046,126.756,306.77,149.62,291.808,108.373,171.4,229.693,110.295,127.708
30/01/2004,131.296,137.341,107.393,95.518,89.857,94.196,108.325,80.577,57.259,80.371,235.718,121.051,288.73,141.867,285.982,101.111,168.643,217.31,106.366,122.044
31/12/2003,133.926,141.97,105.384,94.908,89.673,92.58,105.868,76.31,55.566,79.716,233.793,118.57,287.432,138.76,272.517,98.869,149.557,219.981,100.815,127.19
28/11/2003,117.159,129.011,98.426,90.425,86.379,87.436,99.817,74.693,51.419,73.915,218.465,112.255,245.418,128.954,273.615,94.101,148.327,200.528,94.602,118.137
31/10/2003,115.54,126.249,97.92,89.178,84.619,85.377,99.143,74.303,49.783,72.322,210.54,109.673,239.65,129.158,263.406,92.412,153.662,193.796,93.607,115.304
30/09/2003,113.667,115.477,91.729,82.785,81.384,84.12,92.082,68.276,47.699,71.066,188.043,105.686,233.514,117.879,252.887,81.382,140.738,177.56,86.163,107.843
29/08/2003,114.913,117.128,92.7,84.833,79.696,82.369,89.945,68.789,47.461,68.615,191.795,102.638,226.864,116.915,259.49,80.352,145.167,175.597,84.303,102.667
31/07/2003,110.55,110.614,87.983,80.772,77.868,85,90.787,64.532,47.647,68.122,179.816,101.976,204.235,110.142,244.581,75.4,136.161,161.141,82.281,95.841
30/06/2003,113.496,102.747,84.692,78.54,78.895,86.092,87.003,60.602,49.005,70.662,166.797,101.097,205.789,106.784,243.873,71.298,117.203,148.016,80.002,92.825
30/05/2003,113.077,99.969,82.565,76.139,78.573,83.525,85.509,60.035,48.75,70.789,153.581,96.535,197.516,102.906,212.533,68.158,106.715,142.418,77.452,90.421
30/04/2003,103.738,97.056,79.896,71.914,75.135,81.31,81.247,55.269,45.477,66.46,143.233,92.207,184.764,98.549,203.567,63.451,97.48,132.906,72.148,83.238
31/03/2003,102.231,90.455,72.88,65.585,71.851,77.147,71.869,50.487,40.79,61.198,130.792,82.792,161.726,89.453,183.839,60.847,93.521,129.418,64.638,72.727
28/02/2003,102.294,92.676,72.991,66.042,71.807,75.081,73.725,51.481,41.348,60.371,136.213,83.528,164.658,95.736,169.538,62.394,96.561,136.215,65.767,71.651
31/01/2003,102.083,94.337,74.271,67.095,74.101,77.263,75.537,51.092,43.619,62.556,139.353,84.646,158.891,100.544,171.108,64.271,103.717,138.854,69.362,71.171
31/12/2002,106.667,98.573,77.19,69.552,77.84,78.253,78.037,51.793,44.741,63.345,138.802,88.196,163.139,98.637,169.796,61.773,103.933,139.081,72.677,72.398
29/11/2002,103.949,100.468,81.264,75.518,76.431,80.34,82.751,60.543,47.679,61.187,149.343,88.834,159.429,101.006,171.01,62.718,121.542,133.34,75.392,70.377
31/10/2002,101.956,92.225,76.564,70.965,79.239,79.34,78.98,52.246,43.113,60.938,136.795,85.002,158.373,93.956,160.158,59.62,111.28,125.132,69.857,67.887
30/09/2002,99.869,89.231,74.287,67.597,77.581,75.288,72.459,43.786,35.256,61.298,128.456,81.936,149.58,88.839,152.707,56.9,100.414,117.997,66.58,65.598
30/08/2002,109.854,99.842,85.306,74.287,82.467,79.655,83.826,52.96,41.737,68.4,150.678,89.251,160.461,103.219,154.46,64.618,116.637,125.671,74.84,74.603
31/07/2002,109.764,99.86,87.606,73.768,81.633,79.684,83.224,53.634,41.793,65.913,150.862,87.305,147.993,102.216,152.068,65.349,118.276,124.139,72.204,73.75
28/06/2002,123.139,113.801,93.087,82.638,87.153,83.699,91.726,59.274,44.27,73.873,157.892,94.718,170.292,109.047,157.853,67.852,124.614,142.029,79.077,80.651
31/05/2002,124.388,116.996,97.962,89.758,91.021,89.668,97.198,67.057,49.491,76.401,165.096,100.664,186.488,118.531,158.146,70.839,136.686,153.672,87.518,89.233
30/04/2002,123.225,111.521,96.72,89.538,89.996,91.879,96.272,69.986,49.32,78.957,175.445,104.446,187.741,119.226,146.611,72.107,145.575,145.726,90.322,94.333
29/03/2002,127.42,112.28,101.655,91.74,87.012,95.534,95.815,78.809,55.519,78.358,163.927,102.295,185.055,115.011,148.918,71.963,151.27,144.689,92.342,95.358
28/02/2002,119.312,108.741,98.399,87.93,83.999,95.308,90.014,74.095,54.919,74.084,148.456,99.729,168.704,112.526,145.322,68.007,136.532,140.651,88.791,92.556
31/01/2002,113.92,103.528,96.196,86.945,81.548,93.963,91.699,82.692,57.54,74.875,142.127,97.129,164.217,113.04,151.473,67.114,138.241,131.02,88.731,91.75
31/12/2001,115.856,102.256,100.381,89.849,81.906,96.224,94.806,83.297,63.333,77.941,130.592,94.576,162.094,107.717,146.469,63.809,134.217,121.386,91.866,91.479
30/11/2001,109.495,102.713,97.693,88.205,81.021,98.502,93.61,84.105,62.994,77.213,121.285,91.148,146.564,101.225,146.217,61.322,112.78,114.806,89.073,87.133
31/10/2001,115.862,93.902,91.261,79.111,79.672,96.282,89.034,72.084,60.173,80.185,108.691,87.493,145.321,92.037,148.456,57.404,91.247,104.687,81.329,77.56
28/09/2001,113.527,90.816,89.326,76.802,80.677,97.534,88.935,62.033,62.566,81.091,100.735,85.115,136.578,88.5,137.692,54.366,76.359,100.78,78.598,77.01
31/08/2001,121.224,103.447,102.918,90.463,83.534,95.875,99.91,75.471,61.889,88.494,121.85,98.069,155.04,104.733,154.468,64.593,104.727,117.951,88.034,87.988
31/07/2001,122.235,103.689,107.461,99.164,81.651,99.501,101.005,86.17,69.284,89.021,121.391,98.79,152.339,101.496,154.137,66.464,111.161,113.393,96.014,85.791
29/06/2001,123.543,106.594,112.144,100.52,81.003,95.76,103.557,91.841,68.608,90.133,129.476,100.491,164.336,110.776,142.582,69.917,118.986,126.971,103.779,86.847
31/05/2001,131.423,111.605,117.368,103.875,82.351,98.684,104.438,94.456,73.653,93.167,130.237,100.066,175.309,110.44,136.472,71.251,127.711,133.895,104.105,86.945
30/04/2001,131.402,110.439,116.776,103.042,81.827,98.017,105.265,100.096,79.934,94.636,123.986,101.302,161.311,108.525,142.688,69.877,133.306,127.063,104.605,91.296
30/03/2001,120.015,101.079,106.479,95.194,81.159,96.342,101.291,86.104,74.482,91.175,118.3,98.623,147.209,103.908,147.917,69.375,128.465,121.209,95.411,92.813
28/02/2001,122.62,109.366,115.403,101.587,86.107,103.167,108.408,97.544,78.978,95.199,129.215,105.303,160.212,117.55,164.205,75.89,142.063,134.067,111.918,101.626
31/01/2001,126.06,108.351,119.3,109.253,85.592,102.822,115.897,132.157,93.467,94.237,140.753,108.955,168.936,128.065,154.961,79.594,167.139,132.069,129.145,106.521
29/12/2000,125.895,108.484,120.52,100.584,90.739,111.911,115.223,116.159,85.234,101.157,126.031,103.082,148.491,112.555,173.872,73.392,130.856,120.266,113.768,95.656
30/11/2000,121.337,98.507,118.798,98.911,87.402,109.075,107.124,126.662,87.574,94.157,128.674,96.598,146.52,104.255,165.349,72.378,140.813,114.393,110.107,93.551
31/10/2000,125.054,100.224,123.075,106.377,83.883,104.708,111.588,153.097,101.653,95.22,144.848,98.994,169.923,113.013,160.706,77.152,158.567,120.28,125.946,102.105
29/09/2000,129.557,98.203,124.413,110.552,79.55,103.638,112.3,166.374,100.397,97.545,153.153,102.609,179.165,120.508,176.377,82.051,186.079,129.575,133.052,107.461
31/08/2000,129.102,106.393,128.959,115.406,77.318,99.236,112.492,203.988,107.645,94.612,176.283,107.23,197.762,126.783,167.479,90.489,221.889,139.412,143.841,117.346
31/07/2000,122.615,106.952,122.484,115.637,78.543,99.367,107.558,186.775,114.299,91.68,175.564,107.27,174.129,127.434,162.185,95.16,215.543,138.923,148.064,119.33
30/06/2000,126.95,109.115,124.781,119.273,80.03,103.613,105.012,199.64,122.768,90.579,182.626,109.948,176.909,130.383,161.824,95.988,244.386,138.64,165.837,117.254
31/05/2000,127.747,108.76,121.601,117.409,77.458,96.35,104.723,182.12,123.842,92.933,177.965,103.89,170.413,132.948,156.523,96.035,228.564,137.216,157.058,113.227
28/04/2000,120.708,111.797,122.795,125.368,73.027,93.671,102.072,202.262,133.514,90.464,194.234,106.35,180.339,137.321,153.612,100.541,240.895,141.574,165.771,118.436
31/03/2000,122.819,118.323,122.896,131.055,72.345,89.75,106.881,220.563,151.26,91.032,208.134,114.286,192.27,146.816,162.154,110.348,280.769,154.233,192.741,123.588
29/02/2000,110.255,110.738,114.326,123.811,72.937,83.39,95.99,208.528,147.686,87.061,212.102,118.816,174.827,151.995,176.461,111.965,267.755,153.989,195.287,115.489
31/01/2000,116.107,121.523,116.332,124.946,78.514,89.618,101.184,187.247,139.749,87.545,207.578,123.834,182.163,152.456,163.079,121.01,255.775,165.623,168.374,123.281
31/12/1999,122.934,131.103,125.495,133.674,84.994,89.335,108.077,200.33,144.086,87.758,215.872,129.159,197.274,148.699,172.631,125.925,237.688,167.212,165.201,127.634
30/11/1999,121.186,121.166,114.489,117.86,86.575,96.191,106.401,162.039,130.891,86.904,194.474,120.872,159.054,129.893,160.812,125.696,204.871,155.847,133.003,127.374
29/10/1999,118.814,122.036,116.142,114.669,86.905,96.281,109.616,142.998,117.172,88.979,167.505,113.393,144.278,122.936,148.344,122.386,185.985,150.261,117.506,107.457
30/09/1999,117.374,121.618,112.393,109.383,85.286,88.645,100.733,138.063,109.114,89.296,162.425,116.185,138.62,117.955,154.707,126.541,176.372,151.163,110.201,111.419
31/08/1999,121.045,123.284,112.092,108.783,91.236,92.606,102.27,137.329,106.974,92.789,180.18,120.664,141.704,123.046,148.597,134.187,179.361,150.022,114.545,116.948
30/07/1999,122.215,123.15,111.683,112.236,91.357,89.812,102.878,131.852,113.867,92.623,172.623,121.631,149.648,127.888,136.799,123.953,162.952,141.247,120.665,118.624
30/06/1999,117.116,121.491,111.595,112.87,91.524,93.114,105.192,130.66,114.612,94.038,154.717,124.473,152.162,134.985,124.897,127.805,169.857,146.298,127.61,130.421
31/05/1999,115.675,113.188,105.657,105.792,92.904,91.152,102.15,115.063,109.951,93.233,126.824,117.758,144.747,123.762,123.357,112.225,135.057,129.749,121.74,115.902
30/04/1999,121.251,121.65,110.773,111.08,92.993,93.38,110.478,116.787,109.825,91.984,128.339,115.349,145.527,126.857,117.168,115.539,130.872,134.701,122.838,113.242
31/03/1999,106.727,102.701,104.03,107.49,91.725,100.043,103.768,113.874,105.729,90.556,115.829,111.038,119.094,111.036,121.933,103.985,124.467,112.505,108.821,106.326
26/02/1999,92.426,97.055,98.978,102.792,92.427,98.445,98.605,103.139,107.799,91.493,101.235,99.181,99.249,100.988,103.768,93.343,111.71,98.837,97.74,90.244
29/01/1999,92.404,96.937,100.899,103.529,96.422,99.201,99.721,114.365,108.931,96.619,99.953,99.089,97.076,97.987,104.534,96.219,110.844,97.923,97.844,91.528
31/12/1998,100,100,100,100,100,100,100,100,100,100,100,100,100,100,100,100,100,100,100,100
,,,,,,,,88.698,,,96.564,97.211,110.352,100.135,97.986,97.955,99.961,104.124,104.857,106.394
,,,,,,,,78.25,,,89.309,94.097,104.012,90.798,92.644,90.7,88.526,97.363,98.354,92.792
,,,,,,,,72.607,,,77.991,88.381,89.421,80.385,90.996,85.249,78.973,90.829,88.652,83.728
,,,,,,,,68.182,,,76.948,84.633,88.363,77.399,88.196,79.548,76.358,82.383,82.383,73.462
,,,,,,,,81.499,,,106.996,111.073,138.59,110.206,104.668,106.034,98.084,108.553,122.888,123.932
,,,,,,,,79.138,,,110.091,108.978,132.271,106.631,101.073,108.39,90.925,109.532,114.482,119.081
,,,,,,,,73.542,,,125.674,119.961,147.614,122.636,101.96,129.434,105.011,124.294,119.803,134.138
,,,,,,,,77.09,,,147.938,134.084,188.914,137.805,111.831,147.341,118.911,144.528,137.121,171.92
,,,,,,,,72.882,,,148.615,131.099,191.287,138.288,112.88,152.354,127.628,140.694,142.015,184.37
,,,,,,,,70.491,,,145.28,124.943,187.295,134.305,110.657,151.076,134.132,132.927,130.544,176.453
,,,,,,,,64.523,,,130.833,115.695,174.363,120.464,106.811,132.352,99.627,125.93,119.978,158.011
,,,,,,,,60.127,,,141.783,120.454,211.491,126.209,118.552,144.92,96.605,134.883,132.879,179.174
,,,,,,,,63.539,,,143.641,123.105,196.447,123.185,115.228,152.947,102.336,135.703,122.099,169.034
,,,,,,,,63.021,,,152.781,123.789,191.413,130.12,116.753,174.577,97.142,149.152,121.18,169.956
,,,,,,,,68.459,,,183.454,140.594,233.836,152.255,133.096,216.397,133.72,178.236,146.33,205.789
,,,,,,,,66.19,,,179.481,132.378,216.341,152.012,127.81,220.826,153.507,177.649,134.244,191.23
,,,,,,,,70.893,,,204.538,146.202,236.47,179.579,134.8,259.263,162.921,193.234,163.699,230.248
,,,,,,,,61.4,,,211.171,144.08,230.574,176.5,137.127,257.251,140.22,189.582,163.039,234.294
,,,,,,,,58.735,,,202.872,135.584,214.907,171.044,125.727,251.448,112.131,184.069,156.907,214.771
,,,,,,,,54.449,,,201.631,131.248,205.443,170.353,118.402,248.652,104.091,187.201,141.933,207.38
,,,,,,,,50.131,,,205.725,130.492,195.394,175.865,118.086,261.313,95.668,186.212,138.324,204.841
,,,,,,,,51.296,,,212.695,134.667,197.955,182.331,126.292,268.423,89.012,194.934,140.292,211.287
,,,,,,,,53.959,,,204.35,128.533,202.253,174.746,120.673,260.06,86.599,182.299,133.085,208.249
,,,,,,,,49.103,,,189.704,120.339,182.708,163.729,107.897,250.912,83.384,174.279,124.219,188.442
,,,,,,,,50.11,,,194.53,118.598,175.887,163.695,104.408,251.227,85.725,176.232,121.46,184.438
,,,,,,,,44.551,,,193.569,116.942,169.434,161.56,99.752,243.093,83.431,177.19,118.615,178.97
,,,,,,,,45.469,,,200.293,118.098,168.722,172.833,105.26,247.585,87.231,179.65,122.961,173.382
,,,,,,,,41.914,,,201.883,117.387,164.41,169.841,98.971,248.948,86.294,181.639,120.748,170.493
,,,,,,,,40.639,,,191.929,116.06,159.479,163.353,90.187,239.496,85.726,179.95,116.52,176.295
,,,,,,,,42.494,,,206.398,123.092,177.438,178.075,97.01,257.622,102.029,194.244,123.719,180.964
,,,,,,,,43.55,,,206.052,121.607,171.49,177.075,104.931,259.221,108.123,199.895,120.416,172.501
,,,,,,,,43.297,,,212.42,120.528,167.424,178.674,108.139,266.228,108.044,203.915,118.782,172.43
,,,,,,,,40.364,,,203.078,117.105,157.45,172.525,102.399,261.92,104.225,196.517,112.977,170.387
,,,,,,,,41.546,,,197.826,117.098,150.257,172.876,104.91,258.025,107.791,196.046,111.93,170.895
,,,,,,,,39.663,,,198.334,116.526,159.903,176.859,106.287,263.554,104.36,199.691,116.083,171.231
,,,,,,,,38.799,,,186.19,111.872,144.386,159.91,102.125,251.888,99.532,186.96,106.029,170.342
,,,,,,,,40.392,,,180.596,105.889,133.081,152.189,94.567,243.173,93.983,182.3,101.132,166.223
,,,,,,,,41.168,,,189.141,107.661,131.383,155.315,96.957,253.24,96.551,192.866,92.423,172.015
,,,,,,,,40.945,,,193.403,109.825,138.678,157.279,104.833,261.077,100.276,205.27,101.497,175.291
,,,,,,,,40.595,,,198.617,109.767,141.168,159.491,105.614,265.325,96.993,208.908,98.889,171.842
,,,,,,,,40.543,,,204.183,112.308,145.343,165.06,112.264,272.264,98.061,212.403,99.554,180.04
,,,,,,,,37.779,,,202.536,110.567,145.942,159.636,105.159,263.812,95.835,207.7,95.913,183.811
,,,,,,,,35.352,,,199.3,109.043,150,159.1,98.029,265.229,99.932,206.313,96.708,185.604
,,,,,,,,34.777,,,190.464,103.441,146.76,143.63,95.144,250.788,94.065,202.55,91.336,183.846
,,,,,,,,32.335,,,184.511,102.362,137.98,140.939,90.024,249.725,88.887,195.481,84.747,159.75
,,,,,,,,30.099,,,182.1,102.485,138.633,140.687,87.031,242.224,86.234,196.103,82.957,164.276
,,,,,,,,28.756,,,186.118,103.593,147.621,135.269,90.471,237.106,79.043,202.822,91.951,183.477
,,,,,,,,29.906,,,218.541,112.767,161.429,155.468,107.746,274.783,90.233,223.723,101.29,195.121
,,,,,,,,,,,,,,,,,,,,
,,,,,,,,,,,,,,,,,,,,
,,,,,,,,,,,,,,,,,,,,
,,,,,,,,,,,,,,,,,,,,
,,,,,,,,,,,,,,,,,,,,
,,,,,,,,,,,,,,,,,,,,
,,,,,,,,,,,,,,,,,,,,
,,,,,,,,,,,,,,,,,,,,
,,,,,,,,,,,,,,,,,,,,
,,,,,,,,,,,,,,,,,,,,
,,,,,,,,,,,,,,,,,,,,
,,,,,,,,,,,,,,,,,,,,
,,,,,,,,,,,,,,,,,,,,
,,,,,,,,,,,,,,,,,,,,
,,,,,,,,,,,,,,,,,,,,
,,,,,,,,,,,,,,,,,,,,
,,,,,,,,,,,,,,,,,,,,
,,,,,,,,,,,,,,,,,,,,
,,,,,,,,,,,,,,,,,,,,
,,,,,,,,,,,,,,,,,,,,
,,,,,,,,,,,,,,,,,,,,
,,,,,,,,,,,,,,,,,,,,
,,,,,,,,,,,,,,,,,,,,
,,,,,,,,,,,,,,,,,,,,
,,,,,,,,,,,,,,,,,,,,
,,,,,,,,,,,,,,,,,,,,
,,,,,,,,,,,,,,,,,,,,
,,,,,,,,,,,,,,,,,,,,
,,,,,,,,,,,,,,,,,,,,
,,,,,,,,,,,,,,,,,,,,
,,,,,,,,,,,,,,,,,,,,
,,,,,,,,,,,,,,,,,,,,
,,,,,,,,,,,,,,,,,,,,
,,,,,,,,,,,,,,,,,,,,
,,,,,,,,,,,,,,,,,,,,
,,,,,,,,,,,,,,,,,,,,
,,,,,,,,,,,,,,,,,,,,
,,,,,,,,,,,,,,,,,,,,
,,,,,,,,,,,,,,,,,,,,
,,,,,,,,,,,,,,,,,,,,
,,,,,,,,,,,,,,,,,,,,
,,,,,,,,,,,,,,,,,,,,
,,,,,,,,,,,,,,,,,,,,
,,,,,,,,,,,,,,,,,,,,
,,,,,,,,,,,,,,,,,,,,
,,,,,,,,,,,,,,,,,,,,
,,,,,,,,,,,,,,,,,,,,
,,,,,,,,,,,,,,,,,,,,
,,,,,,,,,,,,,,,,,,,,
,,,,,,,,,,,,,,,,,,,,
,,,,,,,,,,,,,,,,,,,,
,,,,,,,,,,,,,,,,,,,,
,,,,,,,,,,,,,,,,,,,,
,,,,,,,,,,,,,,,,,,,,
,,,,,,,,,,,,,,,,,,,,
,,,,,,,,,,,,,,,,,,,,
,,,,,,,,,,,,,,,,,,,,
,,,,,,,,,,,,,,,,,,,,
,,,,,,,,,,,,,,,,,,,,
,,,,,,,,,,,,,,,,,,,,
,,,,,,,,,,,,,,,,,,,,
,,,,,,,,,,,,,,,,,,,,
,,,,,,,,,,,,,,,,,,,,
,,,,,,,,,,,,,,,,,,,,
,,,,,,,,,,,,,,,,,,,,
,,,,,,,,,,,,,,,,,,,,
,,,,,,,,,,,,,,,,,,,,
,,,,,,,,,,,,,,,,,,,,
,,,,,,,,,,,,,,,,,,,,
,,,,,,,,,,,,,,,,,,,,
,,,,,,,,,,,,,,,,,,,,
,,,,,,,,,,,,,,,,,,,,
,,,,,,,,,,,,,,,,,,,,
,,,,,,,,,,,,,,,,,,,,
,,,,,,,,,,,,,,,,,,,,
,,,,,,,,,,,,,,,,,,,,
,,,,,,,,,,,,,,,,,,,,
,,,,,,,,,,,,,,,,,,,,
,,,,,,,,,,,,,,,,,,,,
,,,,,,,,,,,,,,,,,,,,
,,,,,,,,,,,,,,,,,,,,
,,,,,,,,,,,,,,,,,,,,
,,,,,,,,,,,,,,,,,,,,
,,,,,,,,,,,,,,,,,,,,
,,,,,,,,,,,,,,,,,,,,
,,,,,,,,,,,,,,,,,,,,
,,,,,,,,,,,,,,,,,,,,
,,,,,,,,,,,,,,,,,,,,
,,,,,,,,,,,,,,,,,,,,
,,,,,,,,,,,,,,,,,,,,
,,,,,,,,,,,,,,,,,,,,
,,,,,,,,,,,,,,,,,,,,
,,,,,,,,,,,,,,,,,,,,
,,,,,,,,,,,,,,,,,,,,
,,,,,,,,,,,,,,,,,,,,
,,,,,,,,,,,,,,,,,,,,
,,,,,,,,,,,,,,,,,,,,
,,,,,,,,,,,,,,,,,,,,
,,,,,,,,,,,,,,,,,,,,
,,,,,,,,,,,,,,,,,,,,
,,,,,,,,,,,,,,,,,,,,
,,,,,,,,,,,,,,,,,,,,
,,,,,,,,,,,,,,,,,,,,
,,,,,,,,,,,,,,,,,,,,
,,,,,,,,,,,,,,,,,,,,
,,,,,,,,,,,,,,,,,,,,
,,,,,,,,,,,,,,,,,,,,
,,,,,,,,,,,,,,,,,,,,
,,,,,,,,,,,,,,,,,,,,
,,,,,,,,,,,,,,,,,,,,
,,,,,,,,,,,,,,,,,,,,
,,,,,,,,,,,,,,,,,,,,
,,,,,,,,,,,,,,,,,,,,
,,,,,,,,,,,,,,,,,,,,
,,,,,,,,,,,,,,,,,,,,
,,,,,,,,,,,,,,,,,,,,
,,,,,,,,,,,,,,,,,,,,
,,,,,,,,,,,,,,,,,,,,
,,,,,,,,,,,,,,,,,,,,
,,,,,,,,,,,,,,,,,,,,
,,,,,,,,,,,,,,,,,,,,
,,,,,,,,,,,,,,,,,,,,
,,,,,,,,,,,,,,,,,,,,
,,,,,,,,,,,,,,,,,,,,
,,,,,,,,,,,,,,,,,,,,
,,,,,,,,,,,,,,,,,,,,
,,,,,,,,,,,,,,,,,,,,
,,,,,,,,,,,,,,,,,,,,
,,,,,,,,,,,,,,,,,,,,
,,,,,,,,,,,,,,,,,,,,
,,,,,,,,,,,,,,,,,,,,
,,,,,,,,,,,,,,,,,,,,
,,,,,,,,,,,,,,,,,,,,
,,,,,,,,,,,,,,,,,,,,
,,,,,,,,,,,,,,,,,,,,
,,,,,,,,,,,,,,,,,,,,
,,,,,,,,,,,,,,,,,,,,
,,,,,,,,,,,,,,,,,,,,
,,,,,,,,,,,,,,,,,,,,
,,,,,,,,,,,,,,,,,,,,
,,,,,,,,,,,,,,,,,,,,
,,,,,,,,,,,,,,,,,,,,
,,,,,,,,,,,,,,,,,,,,
,,,,,,,,,,,,,,,,,,,,
,,,,,,,,,,,,,,,,,,,,
,,,,,,,,,,,,,,,,,,,,
,,,,,,,,,,,,,,,,,,,,
,,,,,,,,,,,,,,,,,,,,
,,,,,,,,,,,,,,,,,,,,
,,,,,,,,,,,,,,,,,,,,
,,,,,,,,,,,,,,,,,,,,
,,,,,,,,,,,,,,,,,,,,
,,,,,,,,,,,,,,,,,,,,
,,,,,,,,,,,,,,,,,,,,
,,,,,,,,,,,,,,,,,,,,
,,,,,,,,,,,,,,,,,,,,
,,,,,,,,,,,,,,,,,,,,
,,,,,,,,,,,,,,,,,,,,
,,,,,,,,,,,,,,,,,,,,
,,,,,,,,,,,,,,,,,,,,
,,,,,,,,,,,,,,,,,,,,
,,,,,,,,,,,,,,,,,,,,
,,,,,,,,,,,,,,,,,,,,
,,,,,,,,,,,,,,,,,,,,
,,,,,,,,,,,,,,,,,,,,
,,,,,,,,,,,,,,,,,,,,
,,,,,,,,,,,,,,,,,,,,
,,,,,,,,,,,,,,,,,,,,
,,,,,,,,,,,,,,,,,,,,
,,,,,,,,,,,,,,,,,,,,
,,,,,,,,,,,,,,,,,,,,
,,,,,,,,,,,,,,,,,,,,
,,,,,,,,,,,,,,,,,,,,
,,,,,,,,,,,,,,,,,,,,
,,,,,,,,,,,,,,,,,,,,
,,,,,,,,,,,,,,,,,,,,
,,,,,,,,,,,,,,,,,,,,
,,,,,,,,,,,,,,,,,,,,
,,,,,,,,,,,,,,,,,,,,
,,,,,,,,,,,,,,,,,,,,
,,,,,,,,,,,,,,,,,,,,
,,,,,,,,,,,,,,,,,,,,
,,,,,,,,,,,,,,,,,,,,
,,,,,,,,,,,,,,,,,,,,
,,,,,,,,,,,,,,,,,,,,
,,,,,,,,,,,,,,,,,,,,
,,,,,,,,,,,,,,,,,,,,
,,,,,,,,,,,,,,,,,,,,
,,,,,,,,,,,,,,,,,,,,
,,,,,,,,,,,,,,,,,,,,
,,,,,,,,,,,,,,,,,,,,
,,,,,,,,,,,,,,,,,,,,
,,,,,,,,,,,,,,,,,,,,
,,,,,,,,,,,,,,,,,,,,
,,,,,,,,,,,,,,,,,,,,
,,,,,,,,,,,,,,,,,,,,
,,,,,,,,,,,,,,,,,,,,
,,,,,,,,,,,,,,,,,,,,
,,,,,,,,,,,,,,,,,,,,
,,,,,,,,,,,,,,,,,,,,
,,,,,,,,,,,,,,,,,,,,
,,,,,,,,,,,,,,,,,,,,
,,,,,,,,,,,,,,,,,,,,
,,,,,,,,,,,,,,,,,,,,
,,,,,,,,,,,,,,,,,,,,
,,,,,,,,,,,,,,,,,,,,
,,,,,,,,,,,,,,,,,,,,
,,,,,,,,,,,,,,,,,,,,
,,,,,,,,,,,,,,,,,,,,
,,,,,,,,,,,,,,,,,,,,
,,,,,,,,,,,,,,,,,,,,
,,,,,,,,,,,,,,,,,,,,
,,,,,,,,,,,,,,,,,,,,
,,,,,,,,,,,,,,,,,,,,
,,,,,,,,,,,,,,,,,,,,
,,,,,,,,,,,,,,,,,,,,
,,,,,,,,,,,,,,,,,,,,
,,,,,,,,,,,,,,,,,,,,
,,,,,,,,,,,,,,,,,,,,
,,,,,,,,,,,,,,,,,,,,
,,,,,,,,,,,,,,,,,,,,
,,,,,,,,,,,,,,,,,,,,
,,,,,,,,,,,,,,,,,,,,
,,,,,,,,,,,,,,,,,,,,
,,,,,,,,,,,,,,,,,,,,
,,,,,,,,,,,,,,,,,,,,
,,,,,,,,,,,,,,,,,,,,
,,,,,,,,,,,,,,,,,,,,
,,,,,,,,,,,,,,,,,,,,
,,,,,,,,,,,,,,,,,,,,
,,,,,,,,,,,,,,,,,,,,
,,,,,,,,,,,,,,,,,,,,
,,,,,,,,,,,,,,,,,,,,
,,,,,,,,,,,,,,,,,,,,
,,,,,,,,,,,,,,,,,,,,
,,,,,,,,,,,,,,,,,,,,
,,,,,,,,,,,,,,,,,,,,
,,,,,,,,,,,,,,,,,,,,
,,,,,,,,,,,,,,,,,,,,
,,,,,,,,,,,,,,,,,,,,
,,,,,,,,,,,,,,,,,,,,
,,,,,,,,,,,,,,,,,,,,
,,,,,,,,,,,,,,,,,,,,
,,,,,,,,,,,,,,,,,,,,
,,,,,,,,,,,,,,,,,,,,
,,,,,,,,,,,,,,,,,,,,
,,,,,,,,,,,,,,,,,,,,
,,,,,,,,,,,,,,,,,,,,
,,,,,,,,,,,,,,,,,,,,
,,,,,,,,,,,,,,,,,,,,
,,,,,,,,,,,,,,,,,,,,
,,,,,,,,,,,,,,,,,,,,
,,,,,,,,,,,,,,,,,,,,
,,,,,,,,,,,,,,,,,,,,
,,,,,,,,,,,,,,,,,,,,
,,,,,,,,,,,,,,,,,,,,
,,,,,,,,,,,,,,,,,,,,
,,,,,,,,,,,,,,,,,,,,
,,,,,,,,,,,,,,,,,,,,
,,,,,,,,,,,,,,,,,,,,
,,,,,,,,,,,,,,,,,,,,
,,,,,,,,,,,,,,,,,,,,
,,,,,,,,,,,,,,,,,,,,
,,,,,,,,,,,,,,,,,,,,
,,,,,,,,,,,,,,,,,,,,
,,,,,,,,,,,,,,,,,,,,
,,,,,,,,,,,,,,,,,,,,
,,,,,,,,,,,,,,,,,,,,
,,,,,,,,,,,,,,,,,,,,
,,,,,,,,,,,,,,,,,,,,
,,,,,,,,,,,,,,,,,,,,
,,,,,,,,,,,,,,,,,,,,
,,,,,,,,,,,,,,,,,,,,
,,,,,,,,,,,,,,,,,,,,
,,,,,,,,,,,,,,,,,,,,
,,,,,,,,,,,,,,,,,,,,
,,,,,,,,,,,,,,,,,,,,
,,,,,,,,,,,,,,,,,,,,
,,,,,,,,,,,,,,,,,,,,
,,,,,,,,,,,,,,,,,,,,
,,,,,,,,,,,,,,,,,,,,
,,,,,,,,,,,,,,,,,,,,
,,,,,,,,,,,,,,,,,,,,
,,,,,,,,,,,,,,,,,,,,
,,,,,,,,,,,,,,,,,,,,
,,,,,,,,,,,,,,,,,,,,
,,,,,,,,,,,,,,,,,,,,
,,,,,,,,,,,,,,,,,,,,
,,,,,,,,,,,,,,,,,,,,
,,,,,,,,,,,,,,,,,,,,
,,,,,,,,,,,,,,,,,,,,
,,,,,,,,,,,,,,,,,,,,
,,,,,,,,,,,,,,,,,,,,
,,,,,,,,,,,,,,,,,,,,
,,,,,,,,,,,,,,,,,,,,
,,,,,,,,,,,,,,,,,,,,
,,,,,,,,,,,,,,,,,,,,
,,,,,,,,,,,,,,,,,,,,
,,,,,,,,,,,,,,,,,,,,
,,,,,,,,,,,,,,,,,,,,
,,,,,,,,,,,,,,,,,,,,
,,,,,,,,,,,,,,,,,,,,
,,,,,,,,,,,,,,,,,,,,
,,,,,,,,,,,,,,,,,,,,
,,,,,,,,,,,,,,,,,,,,
,,,,,,,,,,,,,,,,,,,,
,,,,,,,,,,,,,,,,,,,,
,,,,,,,,,,,,,,,,,,,,
,,,,,,,,,,,,,,,,,,,,
,,,,,,,,,,,,,,,,,,,,
,,,,,,,,,,,,,,,,,,,,
,,,,,,,,,,,,,,,,,,,,
,,,,,,,,,,,,,,,,,,,,
,,,,,,,,,,,,,,,,,,,,
,,,,,,,,,,,,,,,,,,,,
,,,,,,,,,,,,,,,,,,,,
,,,,,,,,,,,,,,,,,,,,
,,,,,,,,,,,,,,,,,,,,
,,,,,,,,,,,,,,,,,,,,
,,,,,,,,,,,,,,,,,,,,
,,,,,,,,,,,,,,,,,,,,
,,,,,,,,,,,,,,,,,,,,
,,,,,,,,,,,,,,,,,,,,
,,,,,,,,,,,,,,,,,,,,
,,,,,,,,,,,,,,,,,,,,
,,,,,,,,,,,,,,,,,,,,
,,,,,,,,,,,,,,,,,,,,
,,,,,,,,,,,,,,,,,,,,
,,,,,,,,,,,,,,,,,,,,
,,,,,,,,,,,,,,,,,,,,
,,,,,,,,,,,,,,,,,,,,
,,,,,,,,,,,,,,,,,,,,
,,,,,,,,,,,,,,,,,,,,
,,,,,,,,,,,,,,,,,,,,
,,,,,,,,,,,,,,,,,,,,
,,,,,,,,,,,,,,,,,,,,
,,,,,,,,,,,,,,,,,,,,
,,,,,,,,,,,,,,,,,,,,
,,,,,,,,,,,,,,,,,,,,
,,,,,,,,,,,,,,,,,,,,
,,,,,,,,,,,,,,,,,,,,
,,,,,,,,,,,,,,,,,,,,
,,,,,,,,,,,,,,,,,,,,
,,,,,,,,,,,,,,,,,,,,
,,,,,,,,,,,,,,,,,,,,
,,,,,,,,,,,,,,,,,,,,
,,,,,,,,,,,,,,,,,,,,
,,,,,,,,,,,,,,,,,,,,
,,,,,,,,,,,,,,,,,,,,
,,,,,,,,,,,,,,,,,,,,
,,,,,,,,,,,,,,,,,,,,
,,,,,,,,,,,,,,,,,,,,
,,,,,,,,,,,,,,,,,,,,
,,,,,,,,,,,,,,,,,,,,
,,,,,,,,,,,,,,,,,,,,
,,,,,,,,,,,,,,,,,,,,
,,,,,,,,,,,,,,,,,,,,
,,,,,,,,,,,,,,,,,,,,
,,,,,,,,,,,,,,,,,,,,
,,,,,,,,,,,,,,,,,,,,
,,,,,,,,,,,,,,,,,,,,
,,,,,,,,,,,,,,,,,,,,
,,,,,,,,,,,,,,,,,,,,
,,,,,,,,,,,,,,,,,,,,
,,,,,,,,,,,,,,,,,,,,
,,,,,,,,,,,,,,,,,,,,
,,,,,,,,,,,,,,,,,,,,
,,,,,,,,,,,,,,,,,,,,
,,,,,,,,,,,,,,,,,,,,
,,,,,,,,,,,,,,,,,,,,
,,,,,,,,,,,,,,,,,,,,
,,,,,,,,,,,,,,,,,,,,
,,,,,,,,,,,,,,,,,,,,
,,,,,,,,,,,,,,,,,,,,
,,,,,,,,,,,,,,,,,,,,
,,,,,,,,,,,,,,,,,,,,
,,,,,,,,,,,,,,,,,,,,
,,,,,,,,,,,,,,,,,,,,
,,,,,,,,,,,,,,,,,,,,
,,,,,,,,,,,,,,,,,,,,
,,,,,,,,,,,,,,,,,,,,
,,,,,,,,,,,,,,,,,,,,
,,,,,,,,,,,,,,,,,,,,
,,,,,,,,,,,,,,,,,,,,
,,,,,,,,,,,,,,,,,,,,
,,,,,,,,,,,,,,,,,,,,
,,,,,,,,,,,,,,,,,,,,
,,,,,,,,,,,,,,,,,,,,
,,,,,,,,,,,,,,,,,,,,
,,,,,,,,,,,,,,,,,,,,
,,,,,,,,,,,,,,,,,,,,
,,,,,,,,,,,,,,,,,,,,
,,,,,,,,,,,,,,,,,,,,
,,,,,,,,,,,,,,,,,,,,
,,,,,,,,,,,,,,,,,,,,
,,,,,,,,,,,,,,,,,,,,
,,,,,,,,,,,,,,,,,,,,
,,,,,,,,,,,,,,,,,,,,
,,,,,,,,,,,,,,,,,,,,
,,,,,,,,,,,,,,,,,,,,
,,,,,,,,,,,,,,,,,,,,
,,,,,,,,,,,,,,,,,,,,
,,,,,,,,,,,,,,,,,,,,
,,,,,,,,,,,,,,,,,,,,
,,,,,,,,,,,,,,,,,,,,
,,,,,,,,,,,,,,,,,,,,
,,,,,,,,,,,,,,,,,,,,
,,,,,,,,,,,,,,,,,,,,
,,,,,,,,,,,,,,,,,,,,
,,,,,,,,,,,,,,,,,,,,
,,,,,,,,,,,,,,,,,,,,
,,,,,,,,,,,,,,,,,,,,
,,,,,,,,,,,,,,,,,,,,
,,,,,,,,,,,,,,,,,,,,
,,,,,,,,,,,,,,,,,,,,
,,,,,,,,,,,,,,,,,,,,
,,,,,,,,,,,,,,,,,,,,
,,,,,,,,,,,,,,,,,,,,
,,,,,,,,,,,,,,,,,,,,
,,,,,,,,,,,,,,,,,,,,
,,,,,,,,,,,,,,,,,,,,
,,,,,,,,,,,,,,,,,,,,
,,,,,,,,,,,,,,,,,,,,
,,,,,,,,,,,,,,,,,,,,
,,,,,,,,,,,,,,,,,,,,
,,,,,,,,,,,,,,,,,,,,
,,,,,,,,,,,,,,,,,,,,
,,,,,,,,,,,,,,,,,,,,
,,,,,,,,,,,,,,,,,,,,
,,,,,,,,,,,,,,,,,,,,
,,,,,,,,,,,,,,,,,,,,
,,,,,,,,,,,,,,,,,,,,
,,,,,,,,,,,,,,,,,,,,
,,,,,,,,,,,,,,,,,,,,
,,,,,,,,,,,,,,,,,,,,
,,,,,,,,,,,,,,,,,,,,
,,,,,,,,,,,,,,,,,,,,
,,,,,,,,,,,,,,,,,,,,
,,,,,,,,,,,,,,,,,,,,
,,,,,,,,,,,,,,,,,,,,
,,,,,,,,,,,,,,,,,,,,
,,,,,,,,,,,,,,,,,,,,
,,,,,,,,,,,,,,,,,,,,
,,,,,,,,,,,,,,,,,,,,
,,,,,,,,,,,,,,,,,,,,
,,,,,,,,,,,,,,,,,,,,
,,,,,,,,,,,,,,,,,,,,
,,,,,,,,,,,,,,,,,,,,
,,,,,,,,,,,,,,,,,,,,
,,,,,,,,,,,,,,,,,,,,
,,,,,,,,,,,,,,,,,,,,
,,,,,,,,,,,,,,,,,,,,
,,,,,,,,,,,,,,,,,,,,
,,,,,,,,,,,,,,,,,,,,
,,,,,,,,,,,,,,,,,,,,
,,,,,,,,,,,,,,,,,,,,
,,,,,,,,,,,,,,,,,,,,
,,,,,,,,,,,,,,,,,,,,
,,,,,,,,,,,,,,,,,,,,
,,,,,,,,,,,,,,,,,,,,
,,,,,,,,,,,,,,,,,,,,
,,,,,,,,,,,,,,,,,,,,
,,,,,,,,,,,,,,,,,,,,
,,,,,,,,,,,,,,,,,,,,
,,,,,,,,,,,,,,,,,,,,
,,,,,,,,,,,,,,,,,,,,
,,,,,,,,,,,,,,,,,,,,
,,,,,,,,,,,,,,,,,,,,
,,,,,,,,,,,,,,,,,,,,
,,,,,,,,,,,,,,,,,,,,
,,,,,,,,,,,,,,,,,,,,
,,,,,,,,,,,,,,,,,,,,
,,,,,,,,,,,,,,,,,,,,
,,,,,,,,,,,,,,,,,,,,
,,,,,,,,,,,,,,,,,,,,
,,,,,,,,,,,,,,,,,,,,
,,,,,,,,,,,,,,,,,,,,
,,,,,,,,,,,,,,,,,,,,
,,,,,,,,,,,,,,,,,,,,
,,,,,,,,,,,,,,,,,,,,
,,,,,,,,,,,,,,,,,,,,
,,,,,,,,,,,,,,,,,,,,
,,,,,,,,,,,,,,,,,,,,
,,,,,,,,,,,,,,,,,,,,
,,,,,,,,,,,,,,,,,,,,
,,,,,,,,,,,,,,,,,,,,
,,,,,,,,,,,,,,,,,,,,
,,,,,,,,,,,,,,,,,,,,
,,,,,,,,,,,,,,,,,,,,
,,,,,,,,,,,,,,,,,,,,
,,,,,,,,,,,,,,,,,,,,
,,,,,,,,,,,,,,,,,,,,
,,,,,,,,,,,,,,,,,,,,
,,,,,,,,,,,,,,,,,,,,
,,,,,,,,,,,,,,,,,,,,
,,,,,,,,,,,,,,,,,,,,
,,,,,,,,,,,,,,,,,,,,
,,,,,,,,,,,,,,,,,,,,
,,,,,,,,,,,,,,,,,,,,
,,,,,,,,,,,,,,,,,,,,
,,,,,,,,,,,,,,,,,,,,
,,,,,,,,,,,,,,,,,,,,
,,,,,,,,,,,,,,,,,,,,
,,,,,,,,,,,,,,,,,,,,
,,,,,,,,,,,,,,,,,,,,
,,,,,,,,,,,,,,,,,,,,
,,,,,,,,,,,,,,,,,,,,
,,,,,,,,,,,,,,,,,,,,
,,,,,,,,,,,,,,,,,,,,
,,,,,,,,,,,,,,,,,,,,
,,,,,,,,,,,,,,,,,,,,
,,,,,,,,,,,,,,,,,,,,
,,,,,,,,,,,,,,,,,,,,
,,,,,,,,,,,,,,,,,,,,
,,,,,,,,,,,,,,,,,,,,
,,,,,,,,,,,,,,,,,,,,
,,,,,,,,,,,,,,,,,,,,
,,,,,,,,,,,,,,,,,,,,
,,,,,,,,,,,,,,,,,,,,
,,,,,,,,,,,,,,,,,,,,
,,,,,,,,,,,,,,,,,,,,
,,,,,,,,,,,,,,,,,,,,
,,,,,,,,,,,,,,,,,,,,
,,,,,,,,,,,,,,,,,,,,
,,,,,,,,,,,,,,,,,,,,
,,,,,,,,,,,,,,,,,,,,
,,,,,,,,,,,,,,,,,,,,
,,,,,,,,,,,,,,,,,,,,
,,,,,,,,,,,,,,,,,,,,
,,,,,,,,,,,,,,,,,,,,
,,,,,,,,,,,,,,,,,,,,
,,,,,,,,,,,,,,,,,,,,
,,,,,,,,,,,,,,,,,,,,
,,,,,,,,,,,,,,,,,,,,
,,,,,,,,,,,,,,,,,,,,
,,,,,,,,,,,,,,,,,,,,
,,,,,,,,,,,,,,,,,,,,
,,,,,,,,,,,,,,,,,,,,
,,,,,,,,,,,,,,,,,,,,
,,,,,,,,,,,,,,,,,,,,
,,,,,,,,,,,,,,,,,,,,
,,,,,,,,,,,,,,,,,,,,
,,,,,,,,,,,,,,,,,,,,
,,,,,,,,,,,,,,,,,,,,
,,,,,,,,,,,,,,,,,,,,
,,,,,,,,,,,,,,,,,,,,
,,,,,,,,,,,,,,,,,,,,
,,,,,,,,,,,,,,,,,,,,
,,,,,,,,,,,,,,,,,,,,
,,,,,,,,,,,,,,,,,,,,
,,,,,,,,,,,,,,,,,,,,
,,,,,,,,,,,,,,,,,,,,
,,,,,,,,,,,,,,,,,,,,
,,,,,,,,,,,,,,,,,,,,
,,,,,,,,,,,,,,,,,,,,
,,,,,,,,,,,,,,,,,,,,
,,,,,,,,,,,,,,,,,,,,
,,,,,,,,,,,,,,,,,,,,
,,,,,,,,,,,,,,,,,,,,
,,,,,,,,,,,,,,,,,,,,
,,,,,,,,,,,,,,,,,,,,
,,,,,,,,,,,,,,,,,,,,
,,,,,,,,,,,,,,,,,,,,
,,,,,,,,,,,,,,,,,,,,
,,,,,,,,,,,,,,,,,,,,
,,,,,,,,,,,,,,,,,,,,
,,,,,,,,,,,,,,,,,,,,
,,,,,,,,,,,,,,,,,,,,
,,,,,,,,,,,,,,,,,,,,
,,,,,,,,,,,,,,,,,,,,
,,,,,,,,,,,,,,,,,,,,
,,,,,,,,,,,,,,,,,,,,
,,,,,,,,,,,,,,,,,,,,
,,,,,,,,,,,,,,,,,,,,
,,,,,,,,,,,,,,,,,,,,
,,,,,,,,,,,,,,,,,,,,
,,,,,,,,,,,,,,,,,,,,
,,,,,,,,,,,,,,,,,,,,
,,,,,,,,,,,,,,,,,,,,
,,,,,,,,,,,,,,,,,,,,
,,,,,,,,,,,,,,,,,,,,
,,,,,,,,,,,,,,,,,,,,
,,,,,,,,,,,,,,,,,,,,
,,,,,,,,,,,,,,,,,,,,
,,,,,,,,,,,,,,,,,,,,
,,,,,,,,,,,,,,,,,,,,
,,,,,,,,,,,,,,,,,,,,
,,,,,,,,,,,,,,,,,,,,
,,,,,,,,,,,,,,,,,,,,
,,,,,,,,,,,,,,,,,,,,
,,,,,,,,,,,,,,,,,,,,
,,,,,,,,,,,,,,,,,,,,
,,,,,,,,,,,,,,,,,,,,
,,,,,,,,,,,,,,,,,,,,
,,,,,,,,,,,,,,,,,,,,
,,,,,,,,,,,,,,,,,,,,
,,,,,,,,,,,,,,,,,,,,
,,,,,,,,,,,,,,,,,,,,
,,,,,,,,,,,,,,,,,,,,
,,,,,,,,,,,,,,,,,,,,
,,,,,,,,,,,,,,,,,,,,
,,,,,,,,,,,,,,,,,,,,
,,,,,,,,,,,,,,,,,,,,
,,,,,,,,,,,,,,,,,,,,
,,,,,,,,,,,,,,,,,,,,
,,,,,,,,,,,,,,,,,,,,
,,,,,,,,,,,,,,,,,,,,
,,,,,,,,,,,,,,,,,,,,
,,,,,,,,,,,,,,,,,,,,
,,,,,,,,,,,,,,,,,,,,
,,,,,,,,,,,,,,,,,,,,
,,,,,,,,,,,,,,,,,,,,
,,,,,,,,,,,,,,,,,,,,
,,,,,,,,,,,,,,,,,,,,
,,,,,,,,,,,,,,,,,,,,
,,,,,,,,,,,,,,,,,,,,
,,,,,,,,,,,,,,,,,,,,
,,,,,,,,,,,,,,,,,,,,
,,,,,,,,,,,,,,,,,,,,
,,,,,,,,,,,,,,,,,,,,
,,,,,,,,,,,,,,,,,,,,
,,,,,,,,,,,,,,,,,,,,
,,,,,,,,,,,,,,,,,,,,
,,,,,,,,,,,,,,,,,,,,
,,,,,,,,,,,,,,,,,,,,
,,,,,,,,,,,,,,,,,,,,
,,,,,,,,,,,,,,,,,,,,
,,,,,,,,,,,,,,,,,,,,
,,,,,,,,,,,,,,,,,,,,
,,,,,,,,,,,,,,,,,,,,
,,,,,,,,,,,,,,,,,,,,
,,,,,,,,,,,,,,,,,,,,
,,,,,,,,,,,,,,,,,,,,
,,,,,,,,,,,,,,,,,,,,
,,,,,,,,,,,,,,,,,,,,
,,,,,,,,,,,,,,,,,,,,
,,,,,,,,,,,,,,,,,,,,
,,,,,,,,,,,,,,,,,,,,
,,,,,,,,,,,,,,,,,,,,
,,,,,,,,,,,,,,,,,,,,
,,,,,,,,,,,,,,,,,,,,
,,,,,,,,,,,,,,,,,,,,
,,,,,,,,,,,,,,,,,,,,
,,,,,,,,,,,,,,,,,,,,
,,,,,,,,,,,,,,,,,,,,
,,,,,,,,,,,,,,,,,,,,
,,,,,,,,,,,,,,,,,,,,
,,,,,,,,,,,,,,,,,,,,
,,,,,,,,,,,,,,,,,,,,
,,,,,,,,,,,,,,,,,,,,
,,,,,,,,,,,,,,,,,,,,
,,,,,,,,,,,,,,,,,,,,
,,,,,,,,,,,,,,,,,,,,
,,,,,,,,,,,,,,,,,,,,
,,,,,,,,,,,,,,,,,,,,
,,,,,,,,,,,,,,,,,,,,
,,,,,,,,,,,,,,,,,,,,
,,,,,,,,,,,,,,,,,,,,
,,,,,,,,,,,,,,,,,,,,
,,,,,,,,,,,,,,,,,,,,
,,,,,,,,,,,,,,,,,,,,
,,,,,,,,,,,,,,,,,,,,
,,,,,,,,,,,,,,,,,,,,
,,,,,,,,,,,,,,,,,,,,
,,,,,,,,,,,,,,,,,,,,
,,,,,,,,,,,,,,,,,,,,
,,,,,,,,,,,,,,,,,,,,
,,,,,,,,,,,,,,,,,,,,
,,,,,,,,,,,,,,,,,,,,
,,,,,,,,,,,,,,,,,,,,
,,,,,,,,,,,,,,,,,,,,
,,,,,,,,,,,,,,,,,,,,
,,,,,,,,,,,,,,,,,,,,
,,,,,,,,,,,,,,,,,,,,
,,,,,,,,,,,,,,,,,,,,
,,,,,,,,,,,,,,,,,,,,
,,,,,,,,,,,,,,,,,,,,
,,,,,,,,,,,,,,,,,,,,
,,,,,,,,,,,,,,,,,,,,
,,,,,,,,,,,,,,,,,,,,
,,,,,,,,,,,,,,,,,,,,
,,,,,,,,,,,,,,,,,,,,
,,,,,,,,,,,,,,,,,,,,
,,,,,,,,,,,,,,,,,,,,
,,,,,,,,,,,,,,,,,,,,
,,,,,,,,,,,,,,,,,,,,
,,,,,,,,,,,,,,,,,,,,
,,,,,,,,,,,,,,,,,,,,
,,,,,,,,,,,,,,,,,,,,
,,,,,,,,,,,,,,,,,,,,
,,,,,,,,,,,,,,,,,,,,
,,,,,,,,,,,,,,,,,,,,
,,,,,,,,,,,,,,,,,,,,
,,,,,,,,,,,,,,,,,,,,
,,,,,,,,,,,,,,,,,,,,
,,,,,,,,,,,,,,,,,,,,
,,,,,,,,,,,,,,,,,,,,
,,,,,,,,,,,,,,,,,,,,
,,,,,,,,,,,,,,,,,,,,
,,,,,,,,,,,,,,,,,,,,
,,,,,,,,,,,,,,,,,,,,
,,,,,,,,,,,,,,,,,,,,
,,,,,,,,,,,,,,,,,,,,
,,,,,,,,,,,,,,,,,,,,
,,,,,,,,,,,,,,,,,,,,
,,,,,,,,,,,,,,,,,,,,
,,,,,,,,,,,,,,,,,,,,
,,,,,,,,,,,,,,,,,,,,
,,,,,,,,,,,,,,,,,,,,
,,,,,,,,,,,,,,,,,,,,
,,,,,,,,,,,,,,,,,,,,
,,,,,,,,,,,,,,,,,,,,
,,,,,,,,,,,,,,,,,,,,
,,,,,,,,,,,,,,,,,,,,
,,,,,,,,,,,,,,,,,,,,
,,,,,,,,,,,,,,,,,,,,
,,,,,,,,,,,,,,,,,,,,
,,,,,,,,,,,,,,,,,,,,
,,,,,,,,,,,,,,,,,,,,
,,,,,,,,,,,,,,,,,,,,
,,,,,,,,,,,,,,,,,,,,
,,,,,,,,,,,,,,,,,,,,
,,,,,,,,,,,,,,,,,,,,
,,,,,,,,,,,,,,,,,,,,
,,,,,,,,,,,,,,,,,,,,
,,,,,,,,,,,,,,,,,,,,
,,,,,,,,,,,,,,,,,,,,
,,,,,,,,,,,,,,,,,,,,
,,,,,,,,,,,,,,,,,,,,
,,,,,,,,,,,,,,,,,,,,
,,,,,,,,,,,,,,,,,,,,
,,,,,,,,,,,,,,,,,,,,
,,,,,,,,,,,,,,,,,,,,
,,,,,,,,,,,,,,,,,,,,
,,,,,,,,,,,,,,,,,,,,
,,,,,,,,,,,,,,,,,,,,
,,,,,,,,,,,,,,,,,,,,
,,,,,,,,,,,,,,,,,,,,
,,,,,,,,,,,,,,,,,,,,
,,,,,,,,,,,,,,,,,,,,
,,,,,,,,,,,,,,,,,,,,
,,,,,,,,,,,,,,,,,,,,
,,,,,,,,,,,,,,,,,,,,
,,,,,,,,,,,,,,,,,,,,
,,,,,,,,,,,,,,,,,,,,
,,,,,,,,,,,,,,,,,,,,
,,,,,,,,,,,,,,,,,,,,
,,,,,,,,,,,,,,,,,,,,
,,,,,,,,,,,,,,,,,,,,
,,,,,,,,,,,,,,,,,,,,
,,,,,,,,,,,,,,,,,,,,
,,,,,,,,,,,,,,,,,,,,
,,,,,,,,,,,,,,,,,,,,
,,,,,,,,,,,,,,,,,,,,
,,,,,,,,,,,,,,,,,,,,
,,,,,,,,,,,,,,,,,,,,
,,,,,,,,,,,,,,,,,,,,
,,,,,,,,,,,,,,,,,,,,
,,,,,,,,,,,,,,,,,,,,
,,,,,,,,,,,,,,,,,,,,
,,,,,,,,,,,,,,,,,,,,
,,,,,,,,,,,,,,,,,,,,
,,,,,,,,,,,,,,,,,,,,
,,,,,,,,,,,,,,,,,,,,
,,,,,,,,,,,,,,,,,,,,
,,,,,,,,,,,,,,,,,,,,
,,,,,,,,,,,,,,,,,,,,
,,,,,,,,,,,,,,,,,,,,
,,,,,,,,,,,,,,,,,,,,
,,,,,,,,,,,,,,,,,,,,
,,,,,,,,,,,,,,,,,,,,
,,,,,,,,,,,,,,,,,,,,
,,,,,,,,,,,,,,,,,,,,
,,,,,,,,,,,,,,,,,,,,
,,,,,,,,,,,,,,,,,,,,
,,,,,,,,,,,,,,,,,,,,
,,,,,,,,,,,,,,,,,,,,
,,,,,,,,,,,,,,,,,,,,
,,,,,,,,,,,,,,,,,,,,
,,,,,,,,,,,,,,,,,,,,
,,,,,,,,,,,,,,,,,,,,
,,,,,,,,,,,,,,,,,,,,
,,,,,,,,,,,,,,,,,,,,
,,,,,,,,,,,,,,,,,,,,
,,,,,,,,,,,,,,,,,,,,
,,,,,,,,,,,,,,,,,,,,
,,,,,,,,,,,,,,,,,,,,
,,,,,,,,,,,,,,,,,,,,
,,,,,,,,,,,,,,,,,,,,
,,,,,,,,,,,,,,,,,,,,
,,,,,,,,,,,,,,,,,,,,
,,,,,,,,,,,,,,,,,,,,
,,,,,,,,,,,,,,,,,,,,
,,,,,,,,,,,,,,,,,,,,
,,,,,,,,,,,,,,,,,,,,
,,,,,,,,,,,,,,,,,,,,
,,,,,,,,,,,,,,,,,,,,
,,,,,,,,,,,,,,,,,,,,
,,,,,,,,,,,,,,,,,,,,
,,,,,,,,,,,,,,,,,,,,
,,,,,,,,,,,,,,,,,,,,
,,,,,,,,,,,,,,,,,,,,
,,,,,,,,,,,,,,,,,,,,
,,,,,,,,,,,,,,,,,,,,
,,,,,,,,,,,,,,,,,,,,
,,,,,,,,,,,,,,,,,,,,
,,,,,,,,,,,,,,,,,,,,
,,,,,,,,,,,,,,,,,,,,
,,,,,,,,,,,,,,,,,,,,
,,,,,,,,,,,,,,,,,,,,
,,,,,,,,,,,,,,,,,,,,
,,,,,,,,,,,,,,,,,,,,
,,,,,,,,,,,,,,,,,,,,
,,,,,,,,,,,,,,,,,,,,
,,,,,,,,,,,,,,,,,,,,
,,,,,,,,,,,,,,,,,,,,
,,,,,,,,,,,,,,,,,,,,
,,,,,,,,,,,,,,,,,,,,
,,,,,,,,,,,,,,,,,,,,
,,,,,,,,,,,,,,,,,,,,
,,,,,,,,,,,,,,,,,,,,
,,,,,,,,,,,,,,,,,,,,
,,,,,,,,,,,,,,,,,,,,
,,,,,,,,,,,,,,,,,,,,
,,,,,,,,,,,,,,,,,,,,
,,,,,,,,,,,,,,,,,,,,
,,,,,,,,,,,,,,,,,,,,
,,,,,,,,,,,,,,,,,,,,
,,,,,,,,,,,,,,,,,,,,
,,,,,,,,,,,,,,,,,,,,
,,,,,,,,,,,,,,,,,,,,
,,,,,,,,,,,,,,,,,,,,
,,,,,,,,,,,,,,,,,,,,
,,,,,,,,,,,,,,,,,,,,
,,,,,,,,,,,,,,,,,,,,
,,,,,,,,,,,,,,,,,,,,
,,,,,,,,,,,,,,,,,,,,
,,,,,,,,,,,,,,,,,,,,
,,,,,,,,,,,,,,,,,,,,
,,,,,,,,,,,,,,,,,,,,
,,,,,,,,,,,,,,,,,,,,
,,,,,,,,,,,,,,,,,,,,
,,,,,,,,,,,,,,,,,,,,
,,,,,,,,,,,,,,,,,,,,
,,,,,,,,,,,,,,,,,,,,
,,,,,,,,,,,,,,,,,,,,
,,,,,,,,,,,,,,,,,,,,
,,,,,,,,,,,,,,,,,,,,
,,,,,,,,,,,,,,,,,,,,
,,,,,,,,,,,,,,,,,,,,
,,,,,,,,,,,,,,,,,,,,
,,,,,,,,,,,,,,,,,,,,
,,,,,,,,,,,,,,,,,,,,
,,,,,,,,,,,,,,,,,,,,
,,,,,,,,,,,,,,,,,,,,
,,,,,,,,,,,,,,,,,,,,
,,,,,,,,,,,,,,,,,,,,
,,,,,,,,,,,,,,,,,,,,
,,,,,,,,,,,,,,,,,,,,
,,,,,,,,,,,,,,,,,,,,
,,,,,,,,,,,,,,,,,,,,
,,,,,,,,,,,,,,,,,,,,
,,,,,,,,,,,,,,,,,,,,
,,,,,,,,,,,,,,,,,,,,
,,,,,,,,,,,,,,,,,,,,
,,,,,,,,,,,,,,,,,,,,
,,,,,,,,,,,,,,,,,,,,
,,,,,,,,,,,,,,,,,,,,
,,,,,,,,,,,,,,,,,,,,
,,,,,,,,,,,,,,,,,,,,
,,,,,,,,,,,,,,,,,,,,
,,,,,,,,,,,,,,,,,,,,
,,,,,,,,,,,,,,,,,,,,
,,,,,,,,,,,,,,,,,,,,
,,,,,,,,,,,,,,,,,,,,
,,,,,,,,,,,,,,,,,,,,
,,,,,,,,,,,,,,,,,,,,
,,,,,,,,,,,,,,,,,,,,
,,,,,,,,,,,,,,,,,,,,
,,,,,,,,,,,,,,,,,,,,
,,,,,,,,,,,,,,,,,,,,
,,,,,,,,,,,,,,,,,,,,
,,,,,,,,,,,,,,,,,,,,
,,,,,,,,,,,,,,,,,,,,
,,,,,,,,,,,,,,,,,,,,
,,,,,,,,,,,,,,,,,,,,
,,,,,,,,,,,,,,,,,,,,
,,,,,,,,,,,,,,,,,,,,
,,,,,,,,,,,,,,,,,,,,
,,,,,,,,,,,,,,,,,,,,
,,,,,,,,,,,,,,,,,,,,
,,,,,,,,,,,,,,,,,,,,
,,,,,,,,,,,,,,,,,,,,
,,,,,,,,,,,,,,,,,,,,
,,,,,,,,,,,,,,,,,,,,
,,,,,,,,,,,,,,,,,,,,
,,,,,,,,,,,,,,,,,,,,
,,,,,,,,,,,,,,,,,,,,
,,,,,,,,,,,,,,,,,,,,
,,,,,,,,,,,,,,,,,,,,
,,,,,,,,,,,,,,,,,,,,
,,,,,,,,,,,,,,,,,,,,
,,,,,,,,,,,,,,,,,,,,
,,,,,,,,,,,,,,,,,,,,
,,,,,,,,,,,,,,,,,,,,
,,,,,,,,,,,,,,,,,,,,
,,,,,,,,,,,,,,,,,,,,
,,,,,,,,,,,,,,,,,,,,
,,,,,,,,,,,,,,,,,,,,
,,,,,,,,,,,,,,,,,,,,
,,,,,,,,,,,,,,,,,,,,
,,,,,,,,,,,,,,,,,,,,
,,,,,,,,,,,,,,,,,,,,
,,,,,,,,,,,,,,,,,,,,
,,,,,,,,,,,,,,,,,,,,
,,,,,,,,,,,,,,,,,,,,
,,,,,,,,,,,,,,,,,,,,
,,,,,,,,,,,,,,,,,,,,
,,,,,,,,,,,,,,,,,,,,
,,,,,,,,,,,,,,,,,,,,
,,,,,,,,,,,,,,,,,,,,
,,,,,,,,,,,,,,,,,,,,
,,,,,,,,,,,,,,,,,,,,
,,,,,,,,,,,,,,,,,,,,
,,,,,,,,,,,,,,,,,,,,
,,,,,,,,,,,,,,,,,,,,
,,,,,,,,,,,,,,,,,,,,
,,,,,,,,,,,,,,,,,,,,
,,,,,,,,,,,,,,,,,,,,
,,,,,,,,,,,,,,,,,,,,
,,,,,,,,,,,,,,,,,,,,
,,,,,,,,,,,,,,,,,,,,
,,,,,,,,,,,,,,,,,,,,
,,,,,,,,,,,,,,,,,,,,
,,,,,,,,,,,,,,,,,,,,
,,,,,,,,,,,,,,,,,,,,
,,,,,,,,,,,,,,,,,,,,
,,,,,,,,,,,,,,,,,,,,
,,,,,,,,,,,,,,,,,,,,
,,,,,,,,,,,,,,,,,,,,
,,,,,,,,,,,,,,,,,,,,
,,,,,,,,,,,,,,,,,,,,
,,,,,,,,,,,,,,,,,,,,
,,,,,,,,,,,,,,,,,,,,
,,,,,,,,,,,,,,,,,,,,
,,,,,,,,,,,,,,,,,,,,
,,,,,,,,,,,,,,,,,,,,
,,,,,,,,,,,,,,,,,,,,
,,,,,,,,,,,,,,,,,,,,
,,,,,,,,,,,,,,,,,,,,
,,,,,,,,,,,,,,,,,,,,
,,,,,,,,,,,,,,,,,,,,
,,,,,,,,,,,,,,,,,,,,
,,,,,,,,,,,,,,,,,,,,
,,,,,,,,,,,,,,,,,,,,
,,,,,,,,,,,,,,,,,,,,
,,,,,,,,,,,,,,,,,,,,
,,,,,,,,,,,,,,,,,,,,
,,,,,,,,,,,,,,,,,,,,
,,,,,,,,,,,,,,,,,,,,
,,,,,,,,,,,,,,,,,,,,
,,,,,,,,,,,,,,,,,,,,
,,,,,,,,,,,,,,,,,,,,
,,,,,,,,,,,,,,,,,,,,
,,,,,,,,,,,,,,,,,,,,
,,,,,,,,,,,,,,,,,,,,
,,,,,,,,,,,,,,,,,,,,
,,,,,,,,,,,,,,,,,,,,
,,,,,,,,,,,,,,,,,,,,
,,,,,,,,,,,,,,,,,,,,
,,,,,,,,,,,,,,,,,,,,
,,,,,,,,,,,,,,,,,,,,
,,,,,,,,,,,,,,,,,,,,
,,,,,,,,,,,,,,,,,,,,
,,,,,,,,,,,,,,,,,,,,
,,,,,,,,,,,,,,,,,,,,
,,,,,,,,,,,,,,,,,,,,
,,,,,,,,,,,,,,,,,,,,
,,,,,,,,,,,,,,,,,,,,
,,,,,,,,,,,,,,,,,,,,
,,,,,,,,,,,,,,,,,,,,
,,,,,,,,,,,,,,,,,,,,
,,,,,,,,,,,,,,,,,,,,
,,,,,,,,,,,,,,,,,,,,
,,,,,,,,,,,,,,,,,,,,
,,,,,,,,,,,,,,,,,,,,
,,,,,,,,,,,,,,,,,,,,
,,,,,,,,,,,,,,,,,,,,
,,,,,,,,,,,,,,,,,,,,
,,,,,,,,,,,,,,,,,,,,
,,,,,,,,,,,,,,,,,,,,
,,,,,,,,,,,,,,,,,,,,
,,,,,,,,,,,,,,,,,,,,
,,,,,,,,,,,,,,,,,,,,
,,,,,,,,,,,,,,,,,,,,
,,,,,,,,,,,,,,,,,,,,
,,,,,,,,,,,,,,,,,,,,
,,,,,,,,,,,,,,,,,,,,
,,,,,,,,,,,,,,,,,,,,
,,,,,,,,,,,,,,,,,,,,
,,,,,,,,,,,,,,,,,,,,
,,,,,,,,,,,,,,,,,,,,
,,,,,,,,,,,,,,,,,,,,
,,,,,,,,,,,,,,,,,,,,
,,,,,,,,,,,,,,,,,,,,
,,,,,,,,,,,,,,,,,,,,
,,,,,,,,,,,,,,,,,,,,
,,,,,,,,,,,,,,,,,,,,
,,,,,,,,,,,,,,,,,,,,
,,,,,,,,,,,,,,,,,,,,
,,,,,,,,,,,,,,,,,,,,
,,,,,,,,,,,,,,,,,,,,
,,,,,,,,,,,,,,,,,,,,
,,,,,,,,,,,,,,,,,,,,
,,,,,,,,,,,,,,,,,,,,
,,,,,,,,,,,,,,,,,,,,
,,,,,,,,,,,,,,,,,,,,
,,,,,,,,,,,,,,,,,,,,
,,,,,,,,,,,,,,,,,,,,
,,,,,,,,,,,,,,,,,,,,
,,,,,,,,,,,,,,,,,,,,
,,,,,,,,,,,,,,,,,,,,
,,,,,,,,,,,,,,,,,,,,
,,,,,,,,,,,,,,,,,,,,
,,,,,,,,,,,,,,,,,,,,
,,,,,,,,,,,,,,,,,,,,
,,,,,,,,,,,,,,,,,,,,
,,,,,,,,,,,,,,,,,,,,
,,,,,,,,,,,,,,,,,,,,
,,,,,,,,,,,,,,,,,,,,
,,,,,,,,,,,,,,,,,,,,
,,,,,,,,,,,,,,,,,,,,
,,,,,,,,,,,,,,,,,,,,
,,,,,,,,,,,,,,,,,,,,
,,,,,,,,,,,,,,,,,,,,
,,,,,,,,,,,,,,,,,,,,
,,,,,,,,,,,,,,,,,,,,
,,,,,,,,,,,,,,,,,,,,
,,,,,,,,,,,,,,,,,,,,
,,,,,,,,,,,,,,,,,,,,
,,,,,,,,,,,,,,,,,,,,
,,,,,,,,,,,,,,,,,,,,
,,,,,,,,,,,,,,,,,,,,
,,,,,,,,,,,,,,,,,,,,
,,,,,,,,,,,,,,,,,,,,
,,,,,,,,,,,,,,,,,,,,
,,,,,,,,,,,,,,,,,,,,
,,,,,,,,,,,,,,,,,,,,
,,,,,,,,,,,,,,,,,,,,
,,,,,,,,,,,,,,,,,,,,
,,,,,,,,,,,,,,,,,,,,
,,,,,,,,,,,,,,,,,,,,
,,,,,,,,,,,,,,,,,,,,
,,,,,,,,,,,,,,,,,,,,
,,,,,,,,,,,,,,,,,,,,
,,,,,,,,,,,,,,,,,,,,
,,,,,,,,,,,,,,,,,,,,
,,,,,,,,,,,,,,,,,,,,
,,,,,,,,,,,,,,,,,,,,
,,,,,,,,,,,,,,,,,,,,
,,,,,,,,,,,,,,,,,,,,
,,,,,,,,,,,,,,,,,,,,
,,,,,,,,,,,,,,,,,,,,
,,,,,,,,,,,,,,,,,,,,
,,,,,,,,,,,,,,,,,,,,
,,,,,,,,,,,,,,,,,,,,
,,,,,,,,,,,,,,,,,,,,
,,,,,,,,,,,,,,,,,,,,
,,,,,,,,,,,,,,,,,,,,
,,,,,,,,,,,,,,,,,,,,
,,,,,,,,,,,,,,,,,,,,
,,,,,,,,,,,,,,,,,,,,
,,,,,,,,,,,,,,,,,,,,
,,,,,,,,,,,,,,,,,,,,
,,,,,,,,,,,,,,,,,,,,
,,,,,,,,,,,,,,,,,,,,
,,,,,,,,,,,,,,,,,,,,
,,,,,,,,,,,,,,,,,,,,
,,,,,,,,,,,,,,,,,,,,
,,,,,,,,,,,,,,,,,,,,
,,,,,,,,,,,,,,,,,,,,
,,,,,,,,,,,,,,,,,,,,
,,,,,,,,,,,,,,,,,,,,
,,,,,,,,,,,,,,,,,,,,
,,,,,,,,,,,,,,,,,,,,
,,,,,,,,,,,,,,,,,,,,
,,,,,,,,,,,,,,,,,,,,
,,,,,,,,,,,,,,,,,,,,
,,,,,,,,,,,,,,,,,,,,
,,,,,,,,,,,,,,,,,,,,
,,,,,,,,,,,,,,,,,,,,
,,,,,,,,,,,,,,,,,,,,
,,,,,,,,,,,,,,,,,,,,
,,,,,,,,,,,,,,,,,,,,
,,,,,,,,,,,,,,,,,,,,
,,,,,,,,,,,,,,,,,,,,
,,,,,,,,,,,,,,,,,,,,
,,,,,,,,,,,,,,,,,,,,
,,,,,,,,,,,,,,,,,,,,
,,,,,,,,,,,,,,,,,,,,
,,,,,,,,,,,,,,,,,,,,
,,,,,,,,,,,,,,,,,,,,
,,,,,,,,,,,,,,,,,,,,
,,,,,,,,,,,,,,,,,,,,
,,,,,,,,,,,,,,,,,,,,
,,,,,,,,,,,,,,,,,,,,
,,,,,,,,,,,,,,,,,,,,
,,,,,,,,,,,,,,,,,,,,
,,,,,,,,,,,,,,,,,,,,
,,,,,,,,,,,,,,,,,,,,
,,,,,,,,,,,,,,,,,,,,
,,,,,,,,,,,,,,,,,,,,
,,,,,,,,,,,,,,,,,,,,
,,,,,,,,,,,,,,,,,,,,
,,,,,,,,,,,,,,,,,,,,
,,,,,,,,,,,,,,,,,,,,
,,,,,,,,,,,,,,,,,,,,
,,,,,,,,,,,,,,,,,,,,
,,,,,,,,,,,,,,,,,,,,
,,,,,,,,,,,,,,,,,,,,
,,,,,,,,,,,,,,,,,,,,
,,,,,,,,,,,,,,,,,,,,
,,,,,,,,,,,,,,,,,,,,
,,,,,,,,,,,,,,,,,,,,
,,,,,,,,,,,,,,,,,,,,
,,,,,,,,,,,,,,,,,,,,
,,,,,,,,,,,,,,,,,,,,
,,,,,,,,,,,,,,,,,,,,
,,,,,,,,,,,,,,,,,,,,
,,,,,,,,,,,,,,,,,,,,
,,,,,,,,,,,,,,,,,,,,
,,,,,,,,,,,,,,,,,,,,
,,,,,,,,,,,,,,,,,,,,
,,,,,,,,,,,,,,,,,,,,
,,,,,,,,,,,,,,,,,,,,
,,,,,,,,,,,,,,,,,,,,
,,,,,,,,,,,,,,,,,,,,
,,,,,,,,,,,,,,,,,,,,
,,,,,,,,,,,,,,,,,,,,
,,,,,,,,,,,,,,,,,,,,
,,,,,,,,,,,,,,,,,,,,
,,,,,,,,,,,,,,,,,,,,
,,,,,,,,,,,,,,,,,,,,
,,,,,,,,,,,,,,,,,,,,
,,,,,,,,,,,,,,,,,,,,
,,,,,,,,,,,,,,,,,,,,
,,,,,,,,,,,,,,,,,,,,
,,,,,,,,,,,,,,,,,,,,
,,,,,,,,,,,,,,,,,,,,
,,,,,,,,,,,,,,,,,,,,
,,,,,,,,,,,,,,,,,,,,
,,,,,,,,,,,,,,,,,,,,
,,,,,,,,,,,,,,,,,,,,
,,,,,,,,,,,,,,,,,,,,
,,,,,,,,,,,,,,,,,,,,
,,,,,,,,,,,,,,,,,,,,
,,,,,,,,,,,,,,,,,,,,
,,,,,,,,,,,,,,,,,,,,
,,,,,,,,,,,,,,,,,,,,
,,,,,,,,,,,,,,,,,,,,
,,,,,,,,,,,,,,,,,,,,
,,,,,,,,,,,,,,,,,,,,
,,,,,,,,,,,,,,,,,,,,
,,,,,,,,,,,,,,,,,,,,
,,,,,,,,,,,,,,,,,,,,
,,,,,,,,,,,,,,,,,,,,
,,,,,,,,,,,,,,,,,,,,
,,,,,,,,,,,,,,,,,,,,
,,,,,,,,,,,,,,,,,,,,
,,,,,,,,,,,,,,,,,,,,
,,,,,,,,,,,,,,,,,,,,
,,,,,,,,,,,,,,,,,,,,
,,,,,,,,,,,,,,,,,,,,
,,,,,,,,,,,,,,,,,,,,
,,,,,,,,,,,,,,,,,,,,
,,,,,,,,,,,,,,,,,,,,
,,,,,,,,,,,,,,,,,,,,
,,,,,,,,,,,,,,,,,,,,
,,,,,,,,,,,,,,,,,,,,
,,,,,,,,,,,,,,,,,,,,
,,,,,,,,,,,,,,,,,,,,
,,,,,,,,,,,,,,,,,,,,
,,,,,,,,,,,,,,,,,,,,
,,,,,,,,,,,,,,,,,,,,
,,,,,,,,,,,,,,,,,,,,
,,,,,,,,,,,,,,,,,,,,
,,,,,,,,,,,,,,,,,,,,
,,,,,,,,,,,,,,,,,,,,
,,,,,,,,,,,,,,,,,,,,
,,,,,,,,,,,,,,,,,,,,
,,,,,,,,,,,,,,,,,,,,
,,,,,,,,,,,,,,,,,,,,
,,,,,,,,,,,,,,,,,,,,
,,,,,,,,,,,,,,,,,,,,
,,,,,,,,,,,,,,,,,,,,
,,,,,,,,,,,,,,,,,,,,
,,,,,,,,,,,,,,,,,,,,
,,,,,,,,,,,,,,,,,,,,
,,,,,,,,,,,,,,,,,,,,
,,,,,,,,,,,,,,,,,,,,
,,,,,,,,,,,,,,,,,,,,
,,,,,,,,,,,,,,,,,,,,
,,,,,,,,,,,,,,,,,,,,
,,,,,,,,,,,,,,,,,,,,
,,,,,,,,,,,,,,,,,,,,
,,,,,,,,,,,,,,,,,,,,
,,,,,,,,,,,,,,,,,,,,
,,,,,,,,,,,,,,,,,,,,
,,,,,,,,,,,,,,,,,,,,
,,,,,,,,,,,,,,,,,,,,
,,,,,,,,,,,,,,,,,,,,
,,,,,,,,,,,,,,,,,,,,
,,,,,,,,,,,,,,,,,,,,
,,,,,,,,,,,,,,,,,,,,
,,,,,,,,,,,,,,,,,,,,
,,,,,,,,,,,,,,,,,,,,
,,,,,,,,,,,,,,,,,,,,
,,,,,,,,,,,,,,,,,,,,
,,,,,,,,,,,,,,,,,,,,
,,,,,,,,,,,,,,,,,,,,
,,,,,,,,,,,,,,,,,,,,
,,,,,,,,,,,,,,,,,,,,
,,,,,,,,,,,,,,,,,,,,
,,,,,,,,,,,,,,,,,,,,
,,,,,,,,,,,,,,,,,,,,
,,,,,,,,,,,,,,,,,,,,
,,,,,,,,,,,,,,,,,,,,
,,,,,,,,,,,,,,,,,,,,
,,,,,,,,,,,,,,,,,,,,
,,,,,,,,,,,,,,,,,,,,
,,,,,,,,,,,,,,,,,,,,
,,,,,,,,,,,,,,,,,,,,
,,,,,,,,,,,,,,,,,,,,
,,,,,,,,,,,,,,,,,,,,
,,,,,,,,,,,,,,,,,,,,
,,,,,,,,,,,,,,,,,,,,
,,,,,,,,,,,,,,,,,,,,
,,,,,,,,,,,,,,,,,,,,
,,,,,,,,,,,,,,,,,,,,
,,,,,,,,,,,,,,,,,,,,
,,,,,,,,,,,,,,,,,,,,
,,,,,,,,,,,,,,,,,,,,
,,,,,,,,,,,,,,,,,,,,
,,,,,,,,,,,,,,,,,,,,
,,,,,,,,,,,,,,,,,,,,
,,,,,,,,,,,,,,,,,,,,
,,,,,,,,,,,,,,,,,,,,
,,,,,,,,,,,,,,,,,,,,
,,,,,,,,,,,,,,,,,,,,
,,,,,,,,,,,,,,,,,,,,
,,,,,,,,,,,,,,,,,,,,
,,,,,,,,,,,,,,,,,,,,
,,,,,,,,,,,,,,,,,,,,
,,,,,,,,,,,,,,,,,,,,
,,,,,,,,,,,,,,,,,,,,
,,,,,,,,,,,,,,,,,,,,
,,,,,,,,,,,,,,,,,,,,
,,,,,,,,,,,,,,,,,,,,
,,,,,,,,,,,,,,,,,,,,
,,,,,,,,,,,,,,,,,,,,
,,,,,,,,,,,,,,,,,,,,
,,,,,,,,,,,,,,,,,,,,
,,,,,,,,,,,,,,,,,,,,
,,,,,,,,,,,,,,,,,,,,
,,,,,,,,,,,,,,,,,,,,
,,,,,,,,,,,,,,,,,,,,
,,,,,,,,,,,,,,,,,,,,
,,,,,,,,,,,,,,,,,,,,
,,,,,,,,,,,,,,,,,,,,
,,,,,,,,,,,,,,,,,,,,
,,,,,,,,,,,,,,,,,,,,
,,,,,,,,,,,,,,,,,,,,
,,,,,,,,,,,,,,,,,,,,
,,,,,,,,,,,,,,,,,,,,
,,,,,,,,,,,,,,,,,,,,
,,,,,,,,,,,,,,,,,,,,
,,,,,,,,,,,,,,,,,,,,
,,,,,,,,,,,,,,,,,,,,
,,,,,,,,,,,,,,,,,,,,
,,,,,,,,,,,,,,,,,,,,
,,,,,,,,,,,,,,,,,,,,
,,,,,,,,,,,,,,,,,,,,
,,,,,,,,,,,,,,,,,,,,
,,,,,,,,,,,,,,,,,,,,
,,,,,,,,,,,,,,,,,,,,
,,,,,,,,,,,,,,,,,,,,
,,,,,,,,,,,,,,,,,,,,
,,,,,,,,,,,,,,,,,,,,
,,,,,,,,,,,,,,,,,,,,
,,,,,,,,,,,,,,,,,,,,
,,,,,,,,,,,,,,,,,,,,
,,,,,,,,,,,,,,,,,,,,
,,,,,,,,,,,,,,,,,,,,
,,,,,,,,,,,,,,,,,,,,
,,,,,,,,,,,,,,,,,,,,
,,,,,,,,,,,,,,,,,,,,
,,,,,,,,,,,,,,,,,,,,
,,,,,,,,,,,,,,,,,,,,
,,,,,,,,,,,,,,,,,,,,
,,,,,,,,,,,,,,,,,,,,
,,,,,,,,,,,,,,,,,,,,
,,,,,,,,,,,,,,,,,,,,
,,,,,,,,,,,,,,,,,,,,
,,,,,,,,,,,,,,,,,,,,
,,,,,,,,,,,,,,,,,,,,
,,,,,,,,,,,,,,,,,,,,
,,,,,,,,,,,,,,,,,,,,
,,,,,,,,,,,,,,,,,,,,
,,,,,,,,,,,,,,,,,,,,
,,,,,,,,,,,,,,,,,,,,
,,,,,,,,,,,,,,,,,,,,
,,,,,,,,,,,,,,,,,,,,
,,,,,,,,,,,,,,,,,,,,
,,,,,,,,,,,,,,,,,,,,
,,,,,,,,,,,,,,,,,,,,
,,,,,,,,,,,,,,,,,,,,
,,,,,,,,,,,,,,,,,,,,
,,,,,,,,,,,,,,,,,,,,
,,,,,,,,,,,,,,,,,,,,
,,,,,,,,,,,,,,,,,,,,
,,,,,,,,,,,,,,,,,,,,
,,,,,,,,,,,,,,,,,,,,
,,,,,,,,,,,,,,,,,,,,
,,,,,,,,,,,,,,,,,,,,
,,,,,,,,,,,,,,,,,,,,
,,,,,,,,,,,,,,,,,,,,
,,,,,,,,,,,,,,,,,,,,
,,,,,,,,,,,,,,,,,,,,
,,,,,,,,,,,,,,,,,,,,
,,,,,,,,,,,,,,,,,,,,
,,,,,,,,,,,,,,,,,,,,
,,,,,,,,,,,,,,,,,,,,
,,,,,,,,,,,,,,,,,,,,
,,,,,,,,,,,,,,,,,,,,
,,,,,,,,,,,,,,,,,,,,
,,,,,,,,,,,,,,,,,,,,
,,,,,,,,,,,,,,,,,,,,
,,,,,,,,,,,,,,,,,,,,
,,,,,,,,,,,,,,,,,,,,
,,,,,,,,,,,,,,,,,,,,
,,,,,,,,,,,,,,,,,,,,
,,,,,,,,,,,,,,,,,,,,
,,,,,,,,,,,,,,,,,,,,
,,,,,,,,,,,,,,,,,,,,
,,,,,,,,,,,,,,,,,,,,
,,,,,,,,,,,,,,,,,,,,
,,,,,,,,,,,,,,,,,,,,
,,,,,,,,,,,,,,,,,,,,
,,,,,,,,,,,,,,,,,,,,
,,,,,,,,,,,,,,,,,,,,
,,,,,,,,,,,,,,,,,,,,
,,,,,,,,,,,,,,,,,,,,
,,,,,,,,,,,,,,,,,,,,
,,,,,,,,,,,,,,,,,,,,
,,,,,,,,,,,,,,,,,,,,
,,,,,,,,,,,,,,,,,,,,
,,,,,,,,,,,,,,,,,,,,
,,,,,,,,,,,,,,,,,,,,
,,,,,,,,,,,,,,,,,,,,
,,,,,,,,,,,,,,,,,,,,
,,,,,,,,,,,,,,,,,,,,
,,,,,,,,,,,,,,,,,,,,
,,,,,,,,,,,,,,,,,,,,
,,,,,,,,,,,,,,,,,,,,
,,,,,,,,,,,,,,,,,,,,
,,,,,,,,,,,,,,,,,,,,
,,,,,,,,,,,,,,,,,,,,
,,,,,,,,,,,,,,,,,,,,
,,,,,,,,,,,,,,,,,,,,
,,,,,,,,,,,,,,,,,,,,
,,,,,,,,,,,,,,,,,,,,
,,,,,,,,,,,,,,,,,,,,
,,,,,,,,,,,,,,,,,,,,
,,,,,,,,,,,,,,,,,,,,
,,,,,,,,,,,,,,,,,,,,
,,,,,,,,,,,,,,,,,,,,
,,,,,,,,,,,,,,,,,,,,
,,,,,,,,,,,,,,,,,,,,
,,,,,,,,,,,,,,,,,,,,
,,,,,,,,,,,,,,,,,,,,
,,,,,,,,,,,,,,,,,,,,
,,,,,,,,,,,,,,,,,,,,
,,,,,,,,,,,,,,,,,,,,
,,,,,,,,,,,,,,,,,,,,
,,,,,,,,,,,,,,,,,,,,
,,,,,,,,,,,,,,,,,,,,
